Gene Name,Sequence,CAI,GC Content,CFD,Negative CIS Elements,Negative Repeat Elements,tAI
AKT1,ATGAGCGACGTGGCTATTGTGAAGGAGGGTTGGCTGCACAAACGAGGGGAGTACATCAAGACCTGGCGGCCACGCTACTTCCTCCTCAAGAATGATGGCACCTTCATTGGCTACAAGGAGCGGCCGCAGGATGTGGACCAACGTGAGGCTCCCCTCAACAACTTCTCTGTGGCGCAGTGCCAGCTGATGAAGACGGAGCGGCCCCGGCCCAACACCTTCATCATCCGCTGCCTGCAGTGGACCACTGTCATCGAACGCACCTTCCATGTGGAGACTCCTGAGGAGCGGGAGGAGTGGACAACCGCCATCCAGACTGTGGCTGACGGCCTCAAGAAGCAGGAGGAGGAGGAGATGGACTTCCGGTCGGGCTCACCCAGTGACAACTCAGGGGCTGAAGAGATGGAGGTGTCCCTGGCCAAGCCCAAGCACCGCGTGACCATGAACGAGTTTGAGTACCTGAAGCTGCTGGGCAAGGGCACTTTCGGCAAGGTGATCCTGGTGAAGGAGAAGGCCACAGGCCGCTACTACGCCATGAAGATCCTCAAGAAGGAAGTCATCGTGGCCAAGGACGAGGTGGCCCACACACTCACCGAGAACCGCGTCCTGCAGAACTCCAGGCACCCCTTCCTCACAGCCCTGAAGTACTCTTTCCAGACCCACGACCGCCTCTGCTTTGTCATGGAGTACGCCAACGGGGGCGAGCTGTTCTTCCACCTGTCCCGGGAGCGTGTGTTCTCCGAGGACCGGGCCCGCTTCTATGGCGCTGAGATTGTGTCAGCCCTGGACTACCTGCACTCGGAGAAGAACGTGGTGTACCGGGACCTCAAGCTGGAGAACCTCATGCTGGACAAGGACGGGCACATTAAGATCACAGACTTCGGGCTGTGCAAGGAGGGGATCAAGGACGGTGCCACCATGAAGACCTTTTGCGGCACACCTGAGTACCTGGCCCCCGAGGTGCTGGAGGACAATGACTACGGCCGTGCAGTGGACTGGTGGGGGCTGGGCGTGGTCATGTACGAGATGATGTGCGGTCGCCTGCCCTTCTACAACCAGGACCATGAGAAGCTTTTTGAGCTCATCCTCATGGAGGAGATCCGCTTCCCGCGCACGCTTGGTCCCGAGGCCAAGTCCTTGCTTTCAGGGCTGCTCAAGAAGGACCCCAAGCAGAGGCTTGGCGGGGGCTCCGAGGACGCCAAGGAGATCATGCAGCATCGCTTCTTTGCCGGTATCGTGTGGCAGCACGTGTACGAGAAGAAGCTCAGCCCACCCTTCAAGCCCCAGGTCACGTCGGAGACTGACACCAGGTATTTTGATGAGGAGTTCACGGCCCAGATGATCACCATCACACCACCTGACCAAGATGACAGCATGGAGTGTGTGGACAGCGAGCGCAGGCCCCACTTCCCCCAGTTCTCCTACTCGGCCAGCGGCACGGCCTGA,0.63,59.57,8,5,0,0.26890894
BIRC5,ATGGGTGCCCCGACGTTGCCCCCTGCCTGGCAGCCCTTTCTCAAGGACCACCGCATCTCTACATTCAAGAACTGGCCCTTCTTGGAGGGCTGCGCCTGCACCCCGGAGCGGATGGCCGAGGCTGGCTTCATCCACTGCCCCACTGAGAACGAGCCAGACTTGGCCCAGTGTTTCTTCTGCTTCAAGGAGCTGGAAGGCTGGGAGCCAGATGACGACCCCATTGGGCCGGGCACGGTGGCTTACGCCTGTAATACCAGCACTTTGGGAGGCCGAGGCGGGCGGATCACGAGAGAGGAACATAAAAAGCATTCGTCCGGTTGCGCTTTCCTTTCTGTCAAGAAGCAGTTTGAAGAATTAACCCTTGGTGAATTTTTGAAACTGGACAGAGAAAGAGCCAAGAACAAAATTGCAAAGGAAACCAACAATAAGAAGAAAGAATTTGAGGAAACTGCGGAGAAAGTGCGCCGTGCCATCGAGCAGCTGGCTGCCATGGATTGA,0.65,53.62,11,1,0,0.256285375
BRAF1,ATGGCGGCGCTGAGCGGTGGCGGTGGTGGCGGCGCGGAGCCGGGCCAGGCTCTGTTCAACGGGGACATGGAGCCCGAGGCCGGCGCCGGCGCCGGCGCCGCGGCCTCTTCGGCTGCGGACCCTGCCATTCCGGAGGAGGTGTGGAATATCAAACAAATGATTAAGTTGACACAGGAACATATAGAGGCCCTATTGGACAAATTTGGTGGGGAGCATAATCCACCATCAATATATCTGGAGGCCTATGAAGAATACACCAGCAAGCTAGATGCACTCCAACAAAGAGAACAACAGTTATTGGAATCTCTGGGGAACGGAACTGATTTTTCTGTTTCTAGCTCTGCATCAATGGATACCGTTACATCTTCTTCCTCTTCTAGCCTTTCAGTGCTACCTTCATCTCTTTCAGTTTTTCAAAATCCCACAGATGTGGCACGGAGCAACCCCAAGTCACCACAAAAACCTATCGTTAGAGTCTTCCTGCCCAACAAACAGAGGACAGTGGTACCTGCAAGGTGTGGAGTTACAGTCCGAGACAGTCTAAAGAAAGCACTGATGATGAGAGGTCTAATCCCAGAGTGCTGTGCTGTTTACAGAATTCAGGATGGAGAGAAGAAACCAATTGGTTGGGACACTGATATTTCCTGGCTTACTGGAGAAGAATTGCATGTGGAAGTGTTGGAGAATGTTCCACTTACAACACACAACTTTGTACGAAAAACGTTTTTCACCTTAGCATTTTGTGACTTTTGTCGAAAGCTGCTTTTCCAGGGTTTCCGCTGTCAAACATGTGGTTATAAATTTCACCAGCGTTGTAGTACAGAAGTTCCACTGATGTGTGTTAATTATGACCAACTTGATTTGCTGTTTGTCTCCAAGTTCTTTGAACACCACCCAATACCACAGGAAGAGGCGTCCTTAGCAGAGACTGCCCTAACATCTGGATCATCCCCTTCCGCACCCGCCTCGGACTCTATTGGGCCCCAAATTCTCACCAGTCCGTCTCCTTCAAAATCCATTCCAATTCCACAGCCCTTCCGACCAGCAGATGAAGATCATCGAAATCAATTTGGGCAACGAGACCGATCCTCATCAGCTCCCAATGTGCATATAAACACAATAGAACCTGTCAATATTGATGACTTGATTAGAGACCAAGGATTTCGTGGTGATGGAGGATCAACCACAGGTTTGTCTGCTACCCCCCCTGCCTCATTACCTGGCTCACTAACTAACGTGAAAGCCTTACAGAAATCTCCAGGACCTCAGCGAGAAAGGAAGTCATCTTCATCCTCAGAAGACAGGAATCGAATGAAAACACTTGGTAGACGGGACTCGAGTGATGATTGGGAGATTCCTGATGGGCAGATTACAGTGGGACAAAGAATTGGATCTGGATCATTTGGAACAGTCTACAAGGGAAAGTGGCATGGTGATGTGGCAGTGAAAATGTTGAATGTGACAGCACCTACACCTCAGCAGTTACAAGCCTTCAAAAATGAAGTAGGAGTACTCAGGAAAACACGACATGTGAATATCCTACTCTTCATGGGCTATTCCACAAAGCCACAACTGGCTATTGTTACCCAGTGGTGTGAGGGCTCCAGCTTGTATCACCATCTCCATATCATTGAGACCAAATTTGAGATGATCAAACTTATAGATATTGCACGACAGACTGCACAGGGCATGGATTACTTACACGCCAAGTCAATCATCCACAGAGACCTCAAGAGTAATAATATATTTCTTCATGAAGACCTCACAGTAAAAATAGGTGATTTTGGTCTAGCTACAGTGAAATCTCGATGGAGTGGGTCCCATCAGTTTGAACAGTTGTCTGGATCCATTTTGTGGATGGCACCAGAAGTCATCAGAATGCAAGATAAAAATCCATACAGCTTTCAGTCAGATGTATATGCATTTGGAATTGTTCTGTATGAATTGATGACTGGACAGTTACCTTATTCAAACATCAACAACAGGGACCAGATAATTTTTATGGTGGGACGAGGATACCTGTCTCCAGATCTCAGTAAGGTACGGAGTAACTGTCCAAAAGCCATGAAGAGATTAATGGCAGAGTGCCTCAAAAAGAAAAGAGATGAGAGACCACTCTTTCCCCAAATTCTCGCCTCTATTGAGCTGCTGGCCCGCTCATTGCCAAAAATTCACCGCAGTGCATCAGAACCCTCCTTGAATCGGGCTGGTTTCCAAACAGAGGATTTTAGTCTATATGCTTGTGCTTCTCCAAAAACACCCATCCAGGCAGGGGGATATGGTGCGTTTCCTGTCCACTGA,0.6,45.62,13,0,2,0.225499427
CAV1,ATGTCTGGGGGCAAATACGTAGACTCGGAGGGACATCTCTACACCGTTCCCATCCGGGAACAGGGCAACATCTACAAGCCCAACAACAAGGCCATGGCAGACGAGCTGAGCGAGAAGCAAGTGTACGACGCGCACACCAAGGAGATCGACCTGGTCAACCGCGACCCTAAACACCTCAACGATGACGTGGTCAAGATTGACTTTGAAGATGTGATTGCAGAACCAGAAGGGACACACAGTTTTGACGGCATTTGGAAGGCCAGCTTCACCACCTTCACTGTGACGAAATACTGGTTTTACCGCTTGCTGTCTGCCCTCTTTGGCATCCCGATGGCACTCATCTGGGGCATTTACTTCGCCATTCTCTCTTTCCTGCACATCTGGGCAGTTGTACCATGCATTAAGAGCTTCCTGATTGAGATTCAGTGCATCAGCCGTGTCTATTCCATCTACGTCCACACCGTCTGTGACCCACTCTTTGAAGCTGTTGGGAAAATATTCAGCAATGTCCGCATCAACTTGCAGAAAGAAATATAA,0.7,51.01,7,1,0,0.281723955
CD80,ATGGCTTGCAATTGTCAGTTGATGCAGGATACACCACTCCTCAAGTTTCCATGTCCAAGGCTCATTCTTCTCTTTGTGCTGCTGATTCGTCTTTCACAAGTGTCTTCAGATGTTGATGAACAACTGTCCAAGTCAGTGAAAGATAAGGTATTGCTGCCTTGCCGTTACAACTCTCCTCATGAAGATGAGTCTGAAGACCGAATCTACTGGCAAAAACATGACAAAGTGGTGCTGTCTGTCATTGCTGGGAAACTAAAAGTGTGGCCCGAGTATAAGAACCGGACTTTATATGACAACACTACCTACTCTCTTATCATCCTGGGCCTGGTCCTTTCAGACCGGGGCACATACAGCTGTGTCGTTCAAAAGAAGGAAAGAGGAACGTATGAAGTTAAACACTTGGCTTTAGTAAAGTTGTCCATCAAAGCTGACTTCTCTACCCCCAACATAACTGAGTCTGGAAACCCATCTGCAGACACTAAAAGGATTACCTGCTTTGCTTCCGGGGGTTTCCCAAAGCCTCGCTTCTCTTGGTTGGAAAATGGAAGAGAATTACCTGGCATCAATACGACAATTTCCCAGGATCCTGAATCTGAATTGTACACCATTAGTAGCCAACTAGATTTCAATACGACTCGCAACCACACCATTAAGTGTCTCATTAAATATGGAGATGCTCACGTGTCAGAGGACTTCACCTGGGAAAAACCCCCAGAAGACCCTCCTGATAGCAAGAACACACTTGTGCTCTTTGGGGCAGGATTCGGCGCAGTAATAACAGTCGTCGTCATCGTTGTCATCATCAAATGCTTCTGTAAGCACAGAAGCTGTTTCAGAAGAAATGAGGCAAGCAGAGAAACAAACAACAGCCTTACCTTCGGGCCTGAAGAAGCATTAGCTGAACAGACCGTCTTCCTTTAG,0.61,44.98,12,0,0,0.248100754
CDK1,ATGGAAGATTATACCAAAATAGAGAAAATTGGAGAAGGTACCTATGGAGTTGTGTATAAGGGTAGACACAAAACTACAGGTCAAGTGGTAGCCATGAAAAAAATCAGACTAGAAAGTGAAGAGGAAGGGGTTCCTAGTACTGCAATTCGGGAAATTTCTCTATTAAAGGAACTTCGTCATCCAAATATAGTCAGTCTTCAGGATGTGCTTATGCAGGATTCCAGGTTATATCTCATCTTTGAGTTTCTTTCCATGGATCTGAAGAAATACTTGGATTCTATCCCTCCTGGTCAGTACATGGATTCTTCACTTGTTAAGAGTTATTTATACCAAATCCTACAGGGGATTGTGTTTTGTCACTCTAGAAGAGTTCTTCACAGAGACTTAAAACCTCAAAATCTCTTGATTGATGACAAAGGAACAATTAAACTGGCTGATTTTGGCCTTGCCAGAGCTTTTGGAATACCTATCAGAGTATATACACATGAGGTAGTAACACTCTGGTACAGATCTCCAGAAGTATTGCTGGGGTCAGCTCGTTACTCAACTCCAGTTGACATTTGGAGTATAGGCACCATATTTGCTGAACTAGCAACTAAGAAACCACTTTTCCATGGGGATTCAGAAATTGATCAACTCTTCAGGATTTTCAGAGCTTTGGGCACTCCCAATAATGAAGTGTGGCCAGAAGTGGAATCTTTACAGGACTATAAGAATACATTTCCCAAATGGAAACCAGGAAGCCTAGCATCCCATGTCAAAAACTTGGATGAAAATGGCTTGGATTTGCTCTCGAAAATGTTAATCTATGATCCAGCCAAACGAATTTCTGGCAAAATGGCACTGAATCATCCATATTTTAATGATTTGGACAATCAGATTAAGAAGATGTAG,0.59,39.4,16,1,0,0.260357112
CEBPZ,ATGGCCGCAGTCAAGGAGCCTTTGGAGTTCCATGCCAAGCGGCCTTGGCGCCCCGAGGAGGCAGTAGAAGATCCGGACGAGGAGGATGAGGATAATACTAGTGAAGCCGAGAATGGGTTCTCCCTGGAGGAAGTGTTACGGCTCGGAGGCACCAAGCAAGATTACCTTATGCTGGCTACTTTGGATGAGAATGAGGAAGTGATAGATGGAGGCAAAAAAGGAGCAATCGATGACCTTCAGCAAGGTGAATTGGAAGCATTTATTCAAAATCTTAATTTGGCGAAGTATACAAAAGCTTCCTTAGTTGAAGAAGATGAACCAGCTGAAAAAGAAAATTCCAGCAAAAAAGAAGTAAAAATACCTAAAATAAATAATAAAAATACAGCAGAAAGTCAAAGGACATCAGTTAATAAGGTGAAAAATAAGAATAGGCCAGAACCACATTCTGATGAGAATGGCAGTACCACACCGAAAGTAAAGAAAGATAAACAGAACATCTTTGAATTTTTTGAGAGACAGACTTTGTTACTTAGGCCTGGAGGCAAATGGTATGATCTGGAGTACAGCAATGAATATTCTTTGAAACCCCAGCCTCAGGATGTTGTATCTAAGTACAAAACCCTTGCTCAGAAGCTGTATCAGCATGAAATCAACTTATTCAAAAGTAAGACGAATAGTCAAAAGGGAGCCTCTTCTACCTGGATGAAGGCAATTGTGTCATCGGGGACACTAGGTGACAGGATGGCAGCCATGATTCTTCTTATTCAGGATGATGCCGTTCACACACTTCAGTTTGTAGAAACTCTTGTGAACCTTGTTAAAAAGAAGGGCAGCAAACAGCAGTGCCTTATGGCCTTGGATACTTTCAAAGAGTTGCTTATCACAGACCTTTTGCCAGACAATCGGAAGCTGAGGATTTTCAGCCAGCGTCCTTTTGACAAACTGGAACAGTTGTCCAGTGGCAACAAGGACTCAAGAGATAGAAGACTGATATTATGGTATTTTGAACACCAGCTGAAACACTTAGTGGCTGAATTTGTGCAGGTCTTAGAAACTTTAAGTCATGATACATTAGTAACCACTAAAACTCGAGCCCTTACCGTGGCTCATGAGCTGCTTTGTAACAAGCCTGAGGAAGAAAAGGCTCTTCTTGTGCAAGTGGTAAATAAACTGGGAGATCCTCAGAACAGAATTGCCACAAAAGCATCCCATCTGTTAGAGACATTACTTTGTAAACATCCCAATATGAAAGGAGTTGTGTCTGGTGAAGTAGAAAGGCTACTCTTCCGCTCAAATATCAGCTCCAAAGCTCAATATTATGCAATTTGCTTTTTAAATCAAATGGCTCTGTCCCATGAAGAAAGTGAATTGGCTAACAAATTAATAACTGTTTACTTTTGCTTTTTTCGGACTTGTGTCAAAAAAAAAGATGTTGAATCAAAAATGCTTAGCGCCCTTTTAACAGGTGTGAATAGGGCATACCCTTATTCCCAGACTGGTGATGACAAAGTAAGGGAGCAGATTGACACACTGTTTAAAGTGTTGCATATTGTGAATTTTAATACCAGTGTCCAGGCTTTAATGTTGCTTTTCCAAGTAATGAATTCTCAGCAGACAATATCGGATCGATATTACACAGCATTATACAGGAAGATGTTGGATCCAGGGTTGATGACGTGTTCCAAGCAAGCTATGTTTCTTAACCTTGTCTACAAATCTCTGAAAGCTGACATTGTGTTGCGCCGGGTGAAGGCTTTTGTGAAGAGGTTACTTCAAGTTACTTGTCAACAGATGCCACCATTTATATGTGGAGCTTTATATCTTGTGTCTGAGATCCTTAAAGCAAAACCAGGTTTAAGAAGCCAACTAGATGATCATCCGGAGTCTGATGATGAAGAAAATTTTATTGATGCAAATGATGATGAAGACATGGAAAAATTCACTGATGCAGACAAAGAAACAGAGATAGTGAAAAAACTTGAGACAGAGGAAACAGTTCCTGAAACTGATGTAGAAACCAAAAAACCAGAGGTTGCTTCCTGGGTGCACTTTGATAATTTGAAAGGTGGGAAACAGTTAAATAAATACGATCCATTCAGTAGAAACCCTCTGTTCTGTGGAGCTGAAAATACAAGTCTTTGGGAACTCAAAAAGTTATCTGTGCATTTTCATCCCTCCGTGGCCCTTTTTGCAAAGACCATCCTTCAGGGAAACTATATTCAGTATTCAGGGGACCCACTGCAGGATTTCACTCTAATGAGATTTTTGGATCGATTTGTATACCGAAATCCAAAGCCCCATAAAGGCAAAGAAAACACAGATAGTGTTGTGATGCAGCCGAAAAGAAAACATTTTATTAAGGATATTCGTCATCTTCCTGTGAACAGTAAGGAGTTCCTTGCAAAAGAAGAAAGCCAAATACCAGTGGATGAAGTGTTTTTCCACAGGTATTATAAAAAAGTTGCTGTTAAAGAGAAACAAAAACGGGATGCAGATGAAGAAAGTATAGAAGACGTGGATGATGAAGAATTTGAAGAGCTGATTGACACATTTGAAGATGATAACTGTTTCAGCTCTGGAAAGGATGATATGGATTTTGCTGGAAACGTGAAAAAGAGAACAAAAGGAGCTAAGGATAACACATTAGATGAAGATTCAGAAGGTAGTGATGATGAACTTGGTAACCTGGATGACGATGAAGTTTCTTTAGGAAGTATGGATGATGAAGAATTTGCTGAAGTTGATGAAGATGGAGGAACATTCATGGATGTGTTAGATGATGAAAGTGAGAGCGTTCCAGAACTTGAAGTCCACTCCAAAGTCAGTACTAAGAAAAGCAAGAGAAAAGGTACAGATGATTTTGACTTTGCTGGCTCATTTCAAGGGCCAAGAAAAAAGAAAAGAAACTTAAATGATTCCAGCCTATTTGTATCTGCTGAAGAGTTTGGCCATCTATTGGATGAAAATATGGGATCCAAGTTTGATAACATTGGCATGAATGCCATGGCTAACAAAGATAATGCAAGTCTCAAACAGCTTAGATGGGAGGCTGAACGTGATGACTGGCTACACAACAGAGATGCAAAAAGTATCATCAAGAAAAAGAAACATTTTAAAAAGAAGAGGATTAAAACCACTCAAAAAACTAAAAAACAAAGGAAATGA,0.64,39.33,11,8,1,0.273152782
CLN3,ATGGGAGGCTGTGCAGGCTCGCGGCGGCGCTTTTCGGATTCCGAGGGGGAGGAGACCGTCCCGGAGCCCCGGCTCCCTCTGTTGGACCATCAGGGCGCGCATTGGAAGAACGCGGTGGGCTTCTGGCTGCTGGGCCTTTGCAACAACTTCTCTTATGTGGTGATGCTGAGTGCCGCCCACGACATCCTTAGCCACAAGAGGACATCGGGAAACCAGAGCCATGTGGACCCAGGCCCAACGCCGATCCCCCACAACAGCTCATCACGATTTGACTGCAACTCTGTCTCTACGGCTGCTGTGCTCCTGGCGGACATCCTCCCCACACTCGTCATCAAATTGTTGGCTCCTCTTGGCCTTCACCTGCTGCCCTACAGCCCCCGGGTTCTCGTCAGTGGGATTTGTGCTGCTGGAAGCTTCGTCCTGGTTGCCTTTTCTCATTCTGTGGGGACCAGCCTGTGTGGTGTGGTCTTCGCTAGCATCTCATCAGGCCTTGGGGAGGTCACCTTCCTCTCCCTCACTGCCTTCTACCCCAGGGCCGTGATCTCCTGGTGGTCCTCAGGGACTGGGGGAGCTGGGCTGCTGGGGGCCCTGTCCTACCTGGGCCTCACCCAGGCCGGCCTCTCCCCTCAGCAGACCCTGCTGTCCATGCTGGGTATCCCTGCCCTGCTGCTGGCCAGCTATTTCTTGTTGCTCACATCTCCTGAGGCCCAGGACCCTGGAGGGGAAGAAGAAGCAGAGAGCGCAGCCCGGCAGCCCCTCATAAGAACCGAGGCCCCGGAGTCGAAGCCAGGCTCCAGCTCCAGCCTCTCCCTTCGGGAAAGGTGGACAGTGTTCAAGGGTCTGCTGTGGTACATTGTTCCCTTGGTCGTAGTTTACTTTGCCGAGTATTTCATTAACCAGGGACTTTTTGAACTCCTCTTTTTCTGGAACACTTCCCTGAGTCACGCTCAGCAATACCGCTGGTACCAGATGCTGTACCAGGCTGGCGTCTTTGCCTCCCGCTCTTCTCTCCGCTGCTGTCGCATCCGTTTCACCTGGGCCCTGGCCCTGCTGCAGTGCCTCAACCTGGTGTTCCTGCTGGCAGACGTGTGGTTCGGCTTTCTGCCAAGCATCTACCTCGTCTTCCTGATCATTCTGTATGAGGGGCTCCTGGGAGGCGCAGCCTACGTGAACACCTTCCACAACATCGCCCTGGAGACCAGTGATGAGCACCGGGAGTTTGCAATGGCGGCCACCTGCATCTCTGACACACTGGGGATCTCCCTGTCGGGGCTCCTGGCTTTGCCTCTGCATGACTTCCTCTGCCAGCTCTCCTGA,0.65,59.75,11,0,0,0.242395079
CREB1,ATGACCATGGAATCTGGAGCCGAGAACCAGCAGAGTGGAGATGCAGCTGTAACAGAAGCTGAAAACCAACAAATGACAGTTCAAGCCCAGCCACAGATTGCCACATTAGCCCAGGTATCTATGCCAGCAGCTCATGCAACATCATCTGCTCCCACCGTAACTCTAGTACAGCTGCCCAATGGGCAGACAGTTCAAGTCCATGGAGTCATTCAGGCGGCCCAGCCATCAGTTATTCAGTCTCCACAAGTCCAAACAGTTCAGATTTCAACTATTGCAGAAAGTGAAGATTCACAGGAGTCAGTGGATAGTGTAACTGATTCCCAAAAGCGAAGGGAAATTCTTTCAAGGAGGCCTTCCTACAGGAAAATTTTGAATGACTTATCTTCTGATGCACCAGGAGTGCCAAGGATTGAAGAAGAGAAGTCTGAAGAGGAGACTTCAGCACCTGCCATCACCACTGTAACGGTGCCAACTCCAATTTACCAAACTAGCAGTGGACAGTATATTGCCATTACCCAGGGAGGAGCAATACAGCTGGCTAACAATGGTACCGATGGGGTACAGGGCCTGCAAACATTAACCATGACCAATGCAGCAGCCACTCAGCCGGGTACTACCATTCTACAGTATGCACAGACCACTGATGGACAGCAGATCTTAGTGCCCAGCAACCAAGTTGTTGTTCAAGCTGCCTCTGGAGACGTACAAACATACCAGATTCGCACAGCACCCACTAGCACTATTGCCCCTGGAGTTGTTATGGCATCCTCCCCAGCACTTCCTACACAGCCTGCTGAAGAAGCAGCACGAAAGAGAGAGGTCCGTCTAATGAAGAACAGGGAAGCAGCTCGAGAGTGTCGTAGAAAGAAGAAAGAATATGTGAAATGTTTAGAAAACAGAGTGGCAGTGCTTGAAAATCAAAACAAGACATTGATTGAGGAGCTAAAAGCACTTAAGGACCTTTACTGCCACAAATCAGATTAA,0.61,47.37,9,1,0,0.247976375
CSNK1A1,ATGGCGAGTAGCAGCGGCTCCAAGGCTGAATTCATTGTCGGAGGGAAATATAAACTGGTACGGAAGATCGGGTCTGGCTCCTTCGGGGACATCTATTTGGCGATCAACATCACCAACGGCGAGGAAGTGGCAGTGAAGCTAGAATCTCAGAAGGCCAGGCATCCCCAGTTGCTGTACGAGAGCAAGCTCTATAAGATTCTTCAAGGTGGGGTTGGCATCCCCCACATACGGTGGTATGGTCAGGAAAAAGACTACAATGTACTAGTCATGGATCTTCTGGGACCTAGCCTCGAAGACCTCTTCAATTTCTGTTCAAGAAGGTTCACAATGAAAACTGTACTTATGTTAGCTGACCAGATGATCAGTAGAATTGAATATGTGCATACAAAGAATTTTATACACAGAGACATTAAACCAGATAACTTCCTAATGGGTATTGGGCGTCACTGTAATAAGTTATTCCTTATTGATTTTGGTTTGGCCAAAAAGTACAGAGACAACAGGACAAGGCAACACATACCATACAGAGAAGATAAAAACCTCACTGGCACTGCCCGATATGCTAGCATCAATGCACATCTTGGTATTGAGCAGAGTCGCCGAGATGACATGGAATCATTAGGATATGTTTTGATGTATTTTAATAGAACCAGCCTGCCATGGCAAGGGCTAAAGGCTGCAACAAAGAAACAAAAATATGAAAAGATTAGTGAAAAGAAGATGTCCACGCCTGTTGAAGTTTTATGTAAGGGGTTTCCTGCAGAATTTGCGATGTACTTAAACTATTGTCGTGGGCTACGCTTTGAGGAAGCCCCAGATTACATGTATCTGAGGCAGCTATTCCGCATTCTTTTCAGGACCCTGAACCATCAATATGACTACACATTTGATTGGACAATGTTAAAGCAGAAAGCAGCACAGCAGGCAGCCTCTTCCAGTGGGCAGGGTCAGCAGGCCCAAACCCCCACAGGCAAGCAAACTGACAAAACCAAGAGTAACATGAAAGGTTTCTAA,0.61,44,13,0,0,0.266889196
EMG1,ATGGCCGCGCCCAGTGATGGATTCAAGCCTCGTGAACGAAGCGGTGGGGAGCAGGCACAGGACTGGGATGCTCTGCCACCCAAGCGGCCCCGACTAGGGGCAGGAAACAAGATCGGAGGCCGTAGGCTTATTGTGGTGCTGGAAGGGGCCAGTCTGGAGACAGTCAAGGTAGGGAAGACATATGAGCTACTCAACTGTGACAAGCACAAGTCTATATTGTTGAAGAATGGACGGGACCCTGGGGAAGCGCGGCCAGATATCACCCACCAGAGTTTGCTGATGCTGATGGATAGTCCCCTGAACCGAGCTGGCTTGCTACAGGTTTATATCCATACACAGAAGAATGTTCTGATTGAAGTGAATCCCCAGACCCGAATTCCCAGAACCTTTGACCGCTTTTGTGGCCTCATGGTTCAACTTTTACACAAGCTCAGTGTTCGAGCAGCTGATGGCCCCCAGAAGCTTTTGAAGGTAATTAAGAATCCAGTATCAGATCACTTTCCAGTTGGATGTATGAAAGTTGGCACTTCTTTTTCCATCCCGGTTGTCAGTGATGTGCGTGAGCTGGTGCCCAGCAGTGATCCTATTGTTTTTGTGGTAGGGGCCTTTGCCCATGGCAAGGTCAGTGTGGAGTATACAGAGAAGATGGTGTCCATCAGTAACTACCCCCTTTCTGCTGCCCTCACCTGTGCAAAACTTACCACAGCCTTTGAGGAAGTATGGGGGGTCATTTGA,0.59,51.1,14,0,0,0.222092827
FALVAC-1,ATGGCTAAACATAAAAAATTAAAGCAACCAGGGGATGGTAATCCTTGGTCCCCATGTAGTGTAACTTGTGGAAAACCTAAAGACGAATTAGATTATGAAAATGATATTGAAAAAAAAATTTGTAAAATGGAAAAATGTTCCAGTGTGTTTAATGTCGTAAATAGTAATTCTGGATGTTTCAGACATTTAGATGAAAGAGAAGAATGTAAATGTTTATTAGAAGATTCAGGTAGCAACGGAAAGAAAATCACATGTGAATGTACTAAACCTGATTCTAAGCCTATTGTGCAATATGACAATTTCAATGCAAACCCAAACGCAAACCCCAATGCAAATCCTGATGGAAATTGTGAAGATATACCACATGTAAATGAATTTTCAGCAATTGATCTTGGAAATGCAGAAAAATATGATAAAATGGATGAACCACAACATTATGGGAAATCACTCACTCCATTAGAAGAATTATATAAACCAAATGATAAAAGTTTGTATCAGTATATAAAAGCAAATTCTAAATTTATAGGTATAACTGAACTAAGCAACACATTCATAAACAATGCTGGACAACATGGACATATGCATGGTAACGAGAGGGAAGATGAGAGAACGCTTACTAAGGAATATGAAGATATTGTTTTGAAAGAGTTTACATATATGATAAACTTTGGAAGAGGACAGAATTATTGGGAACATCCATATCAAAAAAGTGATCAACCTAAACAATATGAACAACATTTAACAGATTATGAAAAAATTAAAGAAGGTAAGCCCTTGGATAAATTTGGAAATATCTATGATTATCACTATGAGCATTCTAGTCCATCTAGTACAAAGTCATCAAGTCCATCAAATGTAAAATCAGCTAGTCTAGCTACAAGATTAATGAAAAAATTTAAAGCTGAAATCAGAGATTTCTTCGGTATAAGTTATTATGAAAAGGTTTTAGCGAAATATAAGGATGATTTAGAA,0.67,30.94,9,1,0,0.27469201
FGFR4,ATGCGGCTGCTGCTGGCCCTGTTGGGGGTCCTGCTGAGTGTGCCTGGGCCTCCAGTCTTGTCCCTGGAGGCCTCTGAGGAAGTGGAGCTTGAGCCCTGCCTGGCTCCCAGCCTGGAGCAGCAAGAGCAGGAGCTGACAGTAGCCCTTGGGCAGCCTGTGCGTCTGTGCTGTGGGCGGGCTGAGCGTGGTGGCCACTGGTACAAGGAGGGCAGTCGCCTGGCACCTGCTGGCCGTGTACGGGGCTGGAGGGGCCGCCTAGAGATTGCCAGCTTCCTACCTGAGGATGCTGGCCGCTACCTCTGCCTGGCACGAGGCTCCATGATCGTCCTGCAGAATCTCACCTTGATTACAGGTGACTCCTTGACCTCCAGCAACGATGATGAGGACCCCAAGTCCCATAGGGACCCCTCGAATAGGCACAGTTACCCCCAGCAAGCACCCTACTGGACACACCCCCAGCGCATGGAGAAGAAACTGCATGCAGTACCTGCGGGGAACACCGTCAAGTTCCGCTGTCCAGCTGCAGGCAACCCCACGCCCACCATCCGCTGGCTTAAGGATGGACAGGCCTTTCATGGGGAGAACCGCATTGGAGGCATTCGGCTGCGCCATCAGCACTGGAGTCTCGTGATGGAGAGCGTGGTGCCCTCGGACCGCGGCACATACACCTGCCTGGTAGAGAACGCTGTGGGCAGCATCCGCTATAACTACCTGCTAGATGTGCTGGAGCGGTCCCCGCACCGGCCCATCCTGCAGGCCGGGCTCCCGGCCAACACCACAGCCGTGGTGGGCAGCGACGTGGAGCTGCTGTGCAAGGTGTACAGCGATGCCCAGCCCCACATCCAGTGGCTGAAGCACATCGTCATCAACGGCAGCAGCTTCGGAGCCGACGGTTTCCCCTATGTGCAAGTCCTAAAGACTGCAGACATCAATAGCTCAGAGGTGGAGGTCCTGTACCTGCGGAACGTGTCAGCCGAGGACGCAGGCGAGTACACCTGCCTCGCAGGCAATTCCATCGGCCTCTCCTACCAGTCTGCCTGGCTCACGGTGCTGCCAGAGGAGGACCCCACATGGACCGCAGCAGCGCCCGAGGCCAGGTATACGGACATCATCCTGTACGCGTCGGGCTCCCTGGCCTTGGCTGTGCTCCTGCTGCTGGCCGGGCTGTATCGAGGGCAGGCGCTCCACGGCCGGCACCCCCGCCCGCCCGCCACTGTGCAGAAGCTCTCCCGCTTCCCTCTGGCCCGACAGTTCTCCCTGGAGTCAGGCTCTTCCGGCAAGTCAAGCTCATCCCTGGTACGAGGCGTGCGTCTCTCCTCCAGCGGCCCCGCCTTGCTCGCCGGCCTCGTGAGTCTAGATCTACCTCTCGACCCACTATGGGAGTTCCCCCGGGACAGGCTGGTGCTTGGGAAGCCCCTAGGCGAGGGCTGCTTTGGCCAGGTAGTACGTGCAGAGGCCTTTGGCATGGACCCTGCCCGGCCTGACCAAGCCAGCACTGTGGCCGTCAAGATGCTCAAAGACAACGCCTCTGACAAGGACCTGGCCGACCTGGTCTCGGAGATGGAGGTGATGAAGCTGATCGGCCGACACAAGAACATCATCAACCTGCTTGGTGTCTGCACCCAGGAAGGGCCCCTGTACGTGATCGTGGAGTGCGCCGCCAAGGGAAACCTGCGGGAGTTCCTGCGGGCCCGGCGCCCCCCAGGCCCCGACCTCAGCCCCGACGGTCCTCGGAGCAGTGAGGGGCCGCTCTCCTTCCCAGTCCTGGTCTCCTGCGCCTACCAGGTGGCCCGAGGCATGCAGTATCTGGAGTCCCGGAAGTGTATCCACCGGGACCTGGCTGCCCGCAATGTGCTGGTGACTGAGGACAATGTGATGAAGATTGCTGACTTTGGGCTGGCCCGCGGCGTCCACCACATTGACTACTATAAGAAAACCAGCAACGGCCGCCTGCCTGTGAAGTGGATGGCGCCCGAGGCCTTGTTTGACCGGGTGTACACACACCAGAGTGACGTGTGGTCTTTTGGGATCCTGCTATGGGAGATCTTCACCCTCGGGGGCTCCCCGTATCCTGGCATCCCGGTGGAGGAGCTGTTCTCGCTGCTGCGGGAGGGACATCGGATGGACCGACCCCCACACTGCCCCCCAGAGCTGTACGGGCTGATGCGTGAGTGCTGGCACGCAGCGCCCTCCCAGAGGCCTACCTTCAAGCAGCTGGTGGAGGCGCTGGACAAGGTCCTGCTGGCCGTCTCTGAGGAGTACCTCGACCTCCGCCTGACCTTCGGACCCTATTCCCCCTCTGGTGGGGACGCCAGCAGCACCTGCTCCTCCAGCGATTCTGTCTTCAGCCACGACCCCCTGCCATTGGGATCCAGCTCCTTCCCCTTCGGGTCTGGGGTGCAGACATGA,0.63,63.53,11,1,0,0.244095103
FLT1,ATGGTCAGCTACTGGGACACCGGGGTCCTGCTGTGCGCGCTGCTCAGCTGTCTGCTTCTCACAGGATCTAGTTCAGGTTCAAAATTAAAAGATCCTGAACTGAGTTTAAAAGGCACCCAGCACATCATGCAAGCAGGCCAGACACTGCATCTCCAATGCAGGGGGGAAGCAGCCCATAAATGGTCTTTGCCTGAAATGGTGAGTAAGGAAAGCGAAAGGCTGAGCATAACTAAATCTGCCTGTGGAAGAAATGGCAAACAATTCTGCAGTACTTTAACCTTGAACACAGCTCAAGCAAACCACACTGGCTTCTACAGCTGCAAATATCTAGCTGTACCTACTTCAAAGAAGAAGGAAACAGAATCTGCAATCTATATATTTATTAGTGATACAGGTAGACCTTTCGTAGAGATGTACAGTGAAATCCCCGAAATTATACACATGACTGAAGGAAGGGAGCTCGTCATTCCCTGCCGGGTTACGTCACCTAACATCACTGTTACTTTAAAAAAGTTTCCACTTGACACTTTGATCCCTGATGGAAAACGCATAATCTGGGACAGTAGAAAGGGCTTCATCATATCAAATGCAACGTACAAAGAAATAGGGCTTCTGACCTGTGAAGCAACAGTCAATGGGCATTTGTATAAGACAAACTATCTCACACATCGACAAACCAATACAATCATAGATGTCCAAATAAGCACACCACGCCCAGTCAAATTACTTAGAGGCCATACTCTTGTCCTCAATTGTACTGCTACCACTCCCTTGAACACGAGAGTTCAAATGACCTGGAGTTACCCTGATGAAAAAAATAAGAGAGCTTCCGTAAGGCGACGAATTGACCAAAGCAATTCCCATGCCAACATATTCTACAGTGTTCTTACTATTGACAAAATGCAGAACAAAGACAAAGGACTTTATACTTGTCGTGTAAGGAGTGGACCATCATTCAAATCTGTTAACACCTCAGTGCATATATATGATAAAGCATTCATCACTGTGAAACATCGAAAACAGCAGGTGCTTGAAACCGTAGCTGGCAAGCGGTCTTACCGGCTCTCTATGAAAGTGAAGGCATTTCCCTCGCCGGAAGTTGTATGGTTAAAAGATGGGTTACCTGCGACTGAGAAATCTGCTCGCTATTTGACTCGTGGCTACTCGTTAATTATCAAGGACGTAACTGAAGAGGATGCAGGGAATTATACAATCTTGCTGAGCATAAAACAGTCAAATGTGTTTAAAAACCTCACTGCCACTCTAATTGTCAATGTGAAACCCCAGATTTACGAAAAGGCCGTGTCATCGTTTCCAGACCCGGCTCTCTACCCACTGGGCAGCAGACAAATCCTGACTTGTACCGCATATGGTATCCCTCAACCTACAATCAAGTGGTTCTGGCACCCCTGTAACCATAATCATTCCGAAGCAAGGTGTGACTTTTGTTCCAATAATGAAGAGTCCTTTATCCTGGATGCTGACAGCAACATGGGAAACAGAATTGAGAGCATCACTCAGCGCATGGCAATAATAGAAGGAAAGAATAAGATGGCTAGCACCTTGGTTGTGGCTGACTCTAGAATTTCTGGAATCTACATTTGCATAGCTTCCAATAAAGTTGGGACTGTGGGAAGAAACATAAGCTTTTATATCACAGATGTGCCAAATGGGTTTCATGTTAACTTGGAAAAAATGCCGACGGAAGGAGAGGACCTGAAACTGTCTTGCACAGTTAACAAGTTCTTATACAGAGACGTTACTTGGATTTTACTGCGGACAGTTAATAACAGAACAATGCACTACAGTATTAGCAAGCAAAAAATGGCCATCACTAAGGAGCACTCCATCACTCTTAATCTTACCATCATGAATGTTTCCCTGCAAGATTCAGGCACCTATGCCTGCAGAGCCAGGAATGTATACACAGGGGAAGAAATCCTCCAGAAGAAAGAAATTACAATCAGAGATCAGGAAGCACCATACCTCCTGCGAAACCTCAGTGATCACACAGTGGCCATCAGCAGTTCCACCACTTTAGACTGTCATGCTAATGGTGTCCCCGAGCCTCAGATCACTTGGTTTAAAAACAACCACAAAATACAACAAGAGCCTGGAATTATTTTAGGACCAGGAAGCAGCACGCTGTTTATTGAAAGAGTCACAGAAGAGGATGAAGGTGTCTATCACTGCAAAGCCACCAACCAGAAGGGCTCTGTGGAAAGTTCAGCATACCTCACTGTTCAAGGAACCTCGGACAAGTCTAATCTGGAGCTGATCACTCTAACATGCACCTGTGTGGCTGCGACTCTCTTCTGGCTCCTATTAACCCTCTTTATCCGAAAAATGAAAAGGTCTTCTTCTGAAATAAAGACTGACTACCTATCAATTATAATGGACCCAGATGAAGTTCCTTTGGATGAGCAGTGTGAGCGGCTCCCTTATGATGCCAGCAAGTGGGAGTTTGCCCGGGAGAGACTTAAACTGGGCAAATCACTTGGAAGAGGGGCTTTTGGAAAAGTGGTTCAAGCATCAGCATTTGGCATTAAGAAATCACCTACGTGCCGGACTGTGGCTGTGAAAATGCTGAAAGAGGGGGCCACGGCCAGCGAGTACAAAGCTCTGATGACTGAGCTAAAAATCTTGACCCACATTGGCCACCATCTGAACGTGGTTAACCTGCTGGGAGCCTGCACCAAGCAAGGAGGGCCTCTGATGGTGATTGTTGAATACTGCAAATATGGAAATCTCTCCAACTACCTCAAGAGCAAACGTGACTTATTTTTTCTCAACAAGGATGCAGCACTACACATGGAGCCTAAGAAAGAAAAAATGGAGCCAGGCCTGGAACAAGGCAAGAAACCAAGACTAGATAGCGTCACCAGCAGCGAAAGCTTTGCGAGCTCCGGCTTTCAGGAAGATAAAAGTCTGAGTGATGTTGAGGAAGAGGAGGATTCTGACGGTTTCTACAAGGAGCCCATCACTATGGAAGATCTGATTTCTTACAGTTTTCAAGTGGCCAGAGGCATGGAGTTCCTGTCTTCCAGAAAGTGCATTCATCGGGACCTGGCAGCGAGAAACATTCTTTTATCTGAGAACAACGTGGTGAAGATTTGTGATTTTGGCCTTGCCCGGGATATTTATAAGAACCCCGATTATGTGAGAAAAGGAGATACTCGACTTCCTCTGAAATGGATGGCTCCTGAATCTATCTTTGACAAAATCTACAGCACCAAGAGCGACGTGTGGTCTTACGGAGTATTGCTGTGGGAAATCTTCTCCTTAGGTGGGTCTCCATACCCAGGAGTACAAATGGATGAGGACTTTTGCAGTCGCCTGAGGGAAGGCATGAGGATGAGAGCTCCTGAGTACTCTACTCCTGAAATCTATCAGATCATGCTGGACTGCTGGCACAGAGACCCAAAAGAAAGGCCAAGATTTGCAGAACTTGTGGAAAAACTAGGTGATTTGCTTCAAGCAAATGTACAACAGGATGGTAAAGACTACATCCCAATCAATGCCATACTGACAGGAAATAGTGGGTTTACATACTCAACTCCTGCCTTCTCTGAGGACTTCTTCAAGGAAAGTATTTCAGCTCCGAAGTTTAATTCAGGAAGCTCTGATGATGTCAGATACGTAAATGCTTTCAAGTTCATGAGCCTGGAAAGAATCAAAACCTTTGAAGAACTTTTACCGAATGCCACCTCCATGTTTGATGACTACCAGGGCGACAGCAGCACTCTGTTGGCCTCTCCCATGCTGAAGCGCTTCACCTGGACTGACAGCAAACCCAAGGCCTCGCTCAAGATTGACTTGAGAGTAACCAGTAAAAGTAAGGAGTCGGGGCTGTCTGATGTCAGCAGGCCCAGTTTCTGCCATTCCAGCTGTGGGCACGTCAGCGAAGGCAAGCGCAGGTTCACCTACGACCACGCTGAGCTGGAAAGGAAAATCGCGTGCTGCTCCCCGCCCCCAGACTACAACTCGGTGGTCCTGTACTCCACCCCACCCATCTAG,0.63,45.04,11,9,0,0.254973691
GSK3B,ATGTCAGGGCGGCCCAGAACCACCTCCTTTGCGGAGAGCTGCAAGCCGGTGCAGCAGCCTTCAGCTTTTGGCAGCATGAAAGTTAGCAGAGACAAGGACGGCAGCAAGGTGACAACAGTGGTGGCAACTCCTGGGCAGGGTCCAGACAGGCCACAAGAAGTCAGCTATACAGACACTAAAGTGATTGGAAATGGATCATTTGGTGTGGTATATCAAGCCAAACTTTGTGATTCAGGAGAACTGGTCGCCATCAAGAAAGTATTGCAGGACAAGAGATTTAAGAATCGAGAGCTCCAGATCATGAGAAAGCTAGATCACTGTAACATAGTCCGATTGCGTTATTTCTTCTACTCCAGTGGTGAGAAGAAAGATGAGGTCTATCTTAATCTGGTGCTGGACTATGTTCCGGAAACAGTATACAGAGTTGCCAGACACTATAGTCGAGCCAAACAGACGCTCCCTGTGATTTATGTCAAGTTGTATATGTATCAGCTGTTCCGAAGTTTAGCCTATATCCATTCCTTTGGAATCTGCCATCGGGATATTAAACCGCAGAACCTCTTGTTGGATCCTGATACTGCTGTATTAAAACTCTGTGACTTTGGAAGTGCAAAGCAGCTGGTCCGAGGAGAACCCAATGTTTCGTATATCTGTTCTCGGTACTATAGGGCACCAGAGTTGATCTTTGGAGCCACTGATTATACCTCTAGTATAGATGTATGGTCTGCTGGCTGTGTGTTGGCTGAGCTGTTACTAGGACAACCAATATTTCCAGGGGATAGTGGTGTGGATCAGTTGGTAGAAATAATCAAGGTCCTGGGAACTCCAACAAGGGAGCAAATCAGAGAAATGAACCCAAACTACACAGAATTTAAATTCCCTCAAATTAAGGCACATCCTTGGACTAAGGATTCGTCAGGAACAGGACATTTCACCTCAGGAGTGCGGGTCTTCCGACCCCGAACTCCACCGGAGGCAATTGCACTGTGTAGCCGTCTGCTGGAGTATACACCAACTGCCCGACTAACACCACTGGAAGCTTGTGCACATTCATTTTTTGATGAATTACGGGACCCAAATGTCAAACTACCAAATGGGCGAGACACACCTGCACTCTTCAACTTCACCACTCAAGAACTGTCAAGTAATCCACCTCTGGCTACCATCCTTATTCCTCCTCATGCTCGGATTCAAGCAGCTGCTTCAACCCCCACAAATGCCACAGCAGCGTCAGATGCTAATACTGGAGACCGTGGACAGACCAATAATGCTGCTTCTGCATCAGCTTCCAACTCCACCTGA,0.6,46.51,11,1,0,0.217557465
HPDF,GAGGGCCCGGCGCTGGGGCGCTCCTATTGGCGCCACCTGAGGCGTCTGGTGCTGGGTCCTCCCGAACCGCCGTTCTCGCACGTGTGCCAAGTCGGGGACCCGGTGCTGCGCGGCGTGGCGGCCCCGGTGGAGCGGGCGCAGCTAGGCGGGCCCGAGCTGCAGCGGCTGACGCAACGGCTGGTCCAGGTGATGCGGCGGCGGCGCTGCGTGGGCCTAAGCGCGCCGCAGCTGGGGGTGCCGCGGCAGGTGCTGGCGCTGGAGCTCCCCGAGGCGCTGTGTCGGGAGTGCCCGCCCCGCCAGCGCGCGCTCCGCCAAATGGAGCCCTTCCCCCTGCGCGTGTTCGTGAACCCCAGCCTGCGAGTGCTTGACAGCCGCCTGGTCACCTTTCCCGAGGGCTGCGAGAGCGTCGCCGGCTTCCTGGCCTGCGTGCCCCGCTTCCAGGCGGTGCAGATCTCAGGGCTGGACCCCAATGGAGAACAGGTGGTGTGGCAGGCGAGCGGGTGGGCAGCCCGCATCATCCAGCACGAGATGGACCACCTGCAGGGCTGCCTGTTTATTGACAAAATGGACAGCAGGACGTTCACAAACGTCTATTGGATGAAGGTGAATGACTAA,0.7,70.58,11,0,0,0.253350301
JUN,ATGACTGCAAAGATGGAAACGACCTTCTATGACGATGCCCTCAACGCCTCGTTCCTCCCGTCCGAGAGCGGACCTTATGGCTACAGTAACCCCAAGATCCTGAAACAGAGCATGACCCTGAACCTGGCCGACCCAGTGGGGAGCCTGAAGCCGCACCTCCGCGCCAAGAACTCGGACCTCCTCACCTCGCCCGACGTGGGGCTGCTCAAGCTGGCGTCGCCCGAGCTGGAGCGCCTGATAATCCAGTCCAGCAACGGGCACATCACCACCACGCCGACCCCCACCCAGTTCCTGTGCCCCAAGAACGTGACAGATGAGCAGGAGGGCTTCGCCGAGGGCTTCGTGCGCGCCCTGGCCGAACTGCACAGCCAGAACACGCTGCCCAGCGTCACGTCGGCGGCGCAGCCGGTCAACGGGGCAGGCATGGTGGCTCCCGCGGTAGCCTCGGTGGCAGGGGGCAGCGGCAGCGGCGGCTTCAGCGCCAGCCTGCACAGCGAGCCGCCGGTCTACGCAAACCTCAGCAACTTCAACCCAGGCGCGCTGAGCAGCGGCGGCGGGGCGCCCTCCTACGGCGCGGCCGGCCTGGCCTTTCCCGCGCAACCCCAGCAGCAGCAGCAGCCGCCGCACCACCTGCCCCAGCAGATGCCCGTGCAGCACCCGCGGCTGCAGGCCCTGAAGGAGGAGCCTCAGACAGTGCCCGAGATGCCCGGCGAGACACCGCCCCTGTCCCCCATCGACATGGAGTCCCAGGAGCGGATCAAGGCGGAGAGGAAGCGCATGAGGAACCGCATCGCTGCCTCCAAGTGCCGAAAAAGGAAGCTGGAGAGAATCGCCCGGCTGGAGGAAAAAGTGAAAACCTTGAAAGCTCAGAACTCGGAGCTGGCGTCCACGGCCAACATGCTCAGGGAACAGGTGGCACAGCTTAAACAGAAAGTCATGAACCACGTTAACAGTGGGTGCCAACTCATGCTAACGCAGCAGTTGCAAACATTTTGA,0.67,65.62,10,1,0,0.264332742
KIF11,ATGGCGTCGCAGCCAAATTCGTCTGCGAAGAAGAAAGAGGAGAAGGGGAAGAACATCCAGGTGGTGGTGAGATGCAGACCATTTAATTTGGCAGAGCGGAAAGCTAGCGCCCATTCAATAGTAGAATGTGATCCTGTACGAAAAGAAGTTAGTGTACGAACTGGAGGATTGGCTGACAAGAGCTCAAGGAAAACATACACTTTTGATATGGTGTTTGGAGCATCTACTAAACAGATTGATGTTTACCGAAGTGTTGTTTGTCCAATTCTGGATGAAGTTATTATGGGCTATAATTGCACTATCTTTGCGTATGGCCAAACTGGCACTGGAAAAACTTTTACAATGGAAGGTGAAAGGTCACCTAATGAAGAGTATACCTGGGAAGAGGATCCCTTGGCTGGTATAATTCCACGTACCCTTCATCAAATTTTTGAGAAACTTACTGATAATGGTACTGAATTTTCAGTCAAAGTGTCTCTGTTGGAGATCTATAATGAAGAGCTTTTTGATCTTCTTAATCCATCATCTGATGTTTCTGAGAGACTACAGATGTTTGATGATCCCCGTAACAAGAGAGGAGTGATAATTAAAGGTTTAGAAGAAATTACAGTACACAACAAGGATGAAGTCTATCAAATTTTAGAAAAGGGGGCAGCAAAAAGGACAACTGCAGCTACTCTGATGAATGCATACTCTAGTCGTTCCCACTCAGTTTTCTCTGTTACAATACATATGAAAGAAACTACGATTGATGGAGAAGAGCTTGTTAAAATCGGAAAGTTGAACTTGGTTGATCTTGCAGGAAGTGAAAACATTGGCCGTTCTGGAGCTGTTGATAAGAGAGCTCGGGAAGCTGGAAATATAAATCAATCCCTGTTGACTTTGGGAAGGGTCATTACTGCCCTTGTAGAAAGAACACCTCATGTTCCTTATCGAGAATCTAAACTAACTAGAATCCTCCAGGATTCTCTTGGAGGGCGTACAAGAACATCTATAATTGCAACAATTTCTCCTGCATCTCTCAATCTTGAGGAAACTCTGAGTACATTGGAATATGCTCATAGAGCAAAGAACATATTGAATAAGCCTGAAGTGAATCAGAAACTCACCAAAAAAGCTCTTATTAAGGAGTATACGGAGGAGATAGAACGTTTAAAACGAGATCTTGCTGCAGCCCGTGAGAAAAATGGAGTGTATATTTCTGAAGAAAATTTTAGAGTCATGAGTGGAAAATTAACTGTTCAAGAAGAGCAGATTGTAGAATTGATTGAAAAAATTGGTGCTGTTGAGGAGGAGCTGAATAGGGTTACAGAGTTGTTTATGGATAATAAAAATGAACTTGACCAGTGTAAATCTGACCTGCAAAATAAAACACAAGAACTTGAAACCACTCAAAAACATTTGCAAGAAACTAAATTACAACTTGTTAAAGAAGAATATATCACATCAGCTTTGGAAAGTACTGAGGAGAAACTTCATGATGCTGCCAGCAAGCTGCTTAACACAGTTGAAGAAACTACAAAAGATGTATCTGGTCTCCATTCCAAACTGGATCGTAAGAAGGCAGTTGACCAACACAATGCAGAAGCTCAGGATATTTTTGGCAAAAACCTGAATAGTCTGTTTAATAATATGGAAGAATTAATTAAGGATGGCAGCTCAAAGCAAAAGGCCATGCTAGAAGTACATAAGACCTTATTTGGTAATCTGCTGTCTTCCAGTGTCTCTGCATTAGATACCATTACTACAGTAGCACTTGGATCTCTCACATCTATTCCAGAAAATGTGTCTACTCATGTTTCTCAGATTTTTAATATGATACTAAAAGAACAATCATTAGCAGCAGAAAGTAAAACTGTACTACAGGAATTGATTAATGTACTCAAGACTGATCTTCTAAGTTCACTGGAAATGATTTTATCCCCAACTGTGGTGTCTATACTGAAAATCAATAGTCAACTAAAGCATATTTTCAAGACTTCATTGACAGTGGCCGATAAGATAGAAGATCAAAAAAAGGAACTAGATGGCTTTCTCAGTATACTGTGTAACAATCTACATGAACTACAAGAAAATACCATTTGTTCCTTGGTTGAGTCACAAAAGCAATGTGGAAACCTAACTGAAGACCTGAAGACAATAAAGCAGACCCATTCCCAGGAACTTTGCAAGTTAATGAATCTTTGGACAGAGAGATTCTGTGCTTTGGAGGAAAAGTGTGAAAATATACAGAAACCACTTAGTAGTGTCCAGGAAAATATACAGCAGAAATCTAAGGATATAGTCAACAAAATGACTTTTCACAGTCAAAAATTTTGTGCTGATTCTGATGGCTTCTCACAGGAACTCAGAAATTTTAACCAAGAAGGTACAAAATTGGTTGAAGAATCTGTGAAACACTCTGATAAACTCAATGGCAACCTGGAAAAAATATCTCAAGAGACTGAACAGAGATGTGAATCTCTGAACACAAGAACAGTTTATTTTTCTGAACAGTGGGTATCTTCCTTAAATGAAAGGGAACAGGAACTTCACAACTTATTGGAGGTTGTAAGCCAATGTTGTGAGGCTTCAAGTTCAGACATCACTGAGAAATCAGATGGACGTAAGGCAGCTCATGAGAAACAGCATAACATTTTTCTTGATCAGATGACTATTGATGAAGATAAATTGATAGCACAAAATCTAGAACTTAATGAAACCATAAAAATTGGTTTGACTAAGCTTAATTGCTTTCTGGAACAGGATCTGAAACTGGATATCCCAACAGGTACGACACCACAGAGGAAAAGTTATTTATACCCATCAACACTGGTAAGAACTGAACCACGTGAACATCTCCTTGATCAGCTGAAAAGGAAACAGCCTGAGCTGTTAATGATGCTAAACTGTTCAGAAAACAACAAAGAAGAGACAATTCCGGATGTGGATGTAGAAGAGGCAGTTCTGGGGCAGTATACTGAAGAACCTCTAAGTCAAGAGCCATCTGTAGATGCTGGTGTGGATTGTTCATCAATTGGCGGGGTTCCATTTTTCCAGCATAAAAAATCACATGGAAAAGACAAAGAAAACAGAGGCATTAACACACTGGAGAGGTCTAAAGTGGAAGAAACTACAGAGCACTTGGTTACAAAGAGCAGATTACCTCTGCGAGCCCAGATCAACCTTTAA,0.62,37.99,13,2,0,0.265119295
LAMP1,ATGGCGGCCCCCGGCAGCGCCCGGCGACCCCTGCTGCTGCTACTGCTGTTGCTGCTGCTCGGCCTCATGCATTGTGCGTCAGCAGCAATGTTTATGGTGAAAAATGGCAACGGGACCGCGTGCATAATGGCCAACTTCTCTGCTGCCTTCTCAGTGAACTACGACACCAAGAGTGGCCCTAAGAACATGACCTTTGACCTGCCATCAGATGCCACAGTGGTGCTCAACCGCAGCTCCTGTGGAAAAGAGAACACTTCTGACCCCAGTCTCGTGATTGCTTTTGGAAGAGGACATACACTCACTCTCAATTTCACGAGAAATGCAACACGTTACAGCGTCCAGCTCATGAGTTTTGTTTATAACTTGTCAGACACACACCTTTTCCCCAATGCGAGCTCCAAAGAAATCAAGACTGTGGAATCTATAACTGACATCAGGGCAGATATAGATAAAAAATACAGATGTGTTAGTGGCACCCAGGTCCACATGAACAACGTGACCGTAACGCTCCATGATGCCACCATCCAGGCGTACCTTTCCAACAGCAGCTTCAGCCGGGGAGAGACACGCTGTGAACAAGACAGGCCTTCCCCAACCACAGCGCCCCCTGCGCCACCCAGCCCCTCGCCCTCACCCGTGCCCAAGAGCCCCTCTGTGGACAAGTACAACGTGAGCGGCACCAACGGGACCTGCCTGCTGGCCAGCATGGGGCTGCAGCTGAACCTCACCTATGAGAGGAAGGACAACACGACGGTGACAAGGCTTCTCAACATCAACCCCAACAAGACCTCGGCCAGCGGGAGCTGCGGCGCCCACCTGGTGACTCTGGAGCTGCACAGCGAGGGCACCACCGTCCTGCTCTTCCAGTTCGGGATGAATGCAAGTTCTAGCCGGTTTTTCCTACAAGGAATCCAGTTGAATACAATTCTTCCTGACGCCAGAGACCCTGCCTTTAAAGCTGCCAACGGCTCCCTGCGAGCGCTGCAGGCCACAGTCGGCAATTCCTACAAGTGCAACGCGGAGGAGCACGTCCGTGTCACGAAGGCGTTTTCAGTCAATATATTCAAAGTGTGGGTCCAGGCTTTCAAGGTGGAAGGTGGCCAGTTTGGCTCTGTGGAGGAGTGTCTGCTGGACGAGAACAGCATGCTGATCCCCATCGCTGTGGGTGGTGCCCTGGCGGGGCTGGTCCTCATCGTCCTCATCGCCTACCTCGTCGGCAGGAAGAGGAGTCACGCAGGCTACCAGACTATCTAG,0.64,55.27,11,0,0,0.249660082
LCK,ATGGGCTGTGGCTGCAGCTCACACCCGGAAGATGACTGGATGGAAAACATCGATGTGTGTGAGAACTGCCATTATCCCATAGTCCCACTGGATGGCAAGGGCACGCTGCTCATCCGAAATGGCTCTGAGGTGCGGGACCCACTGGTTACCTACGAAGGCTCCAATCCGCCGGCTTCCCCACTGCAAGACAACCTGGTTATCGCTCTGCACAGCTATGAGCCCTCTCACGACGGAGATCTGGGCTTTGAGAAGGGGGAACAGCTCCGCATCCTGGAGCAGAGCGGCGAGTGGTGGAAGGCGCAGTCCCTGACCACGGGCCAGGAAGGCTTCATCCCCTTCAATTTTGTGGCCAAAGCGAACAGCCTGGAGCCCGAACCCTGGTTCTTCAAGAACCTGAGCCGCAAGGACGCGGAGCGGCAGCTCCTGGCGCCCGGGAACACTCACGGCTCCTTCCTCATCCGGGAGAGCGAGAGCACCGCGGGATCGTTTTCACTGTCGGTCCGGGACTTCGACCAGAACCAGGGAGAGGTGGTGAAACATTACAAGATCCGTAATCTGGACAACGGTGGCTTCTACATCTCCCCTCGAATCACTTTTCCCGGCCTGCATGAACTGGTCCGCCATTACACCAATGCTTCAGATGGGCTGTGCACACGGTTGAGCCGCCCCTGCCAGACCCAGAAGCCCCAGAAGCCGTGGTGGGAGGACGAGTGGGAGGTTCCCAGGGAGACGCTGAAGCTGGTGGAGCGGCTGGGGGCTGGACAGTTCGGGGAGGTGTGGATGGGGTACTACAACGGGCACACGAAGGTGGCGGTGAAGAGCCTGAAGCAGGGCAGCATGTCCCCGGACGCCTTCCTGGCCGAGGCCAACCTCATGAAGCAGCTGCAACACCAGCGGCTGGTTCGGCTCTACGCTGTGGTCACCCAGGAGCCCATCTACATCATCACTGAATACATGGAGAATGGGAGTCTAGTGGATTTTCTCAAGACCCCTTCAGGCATCAAGTTGACCATCAACAAACTCCTGGACATGGCAGCCCAAATTGCAGAAGGCATGGCATTCATTGAAGAGCGGAATTATATTCATCGTGACCTTCGGGCTGCCAACATTCTGGTGTCTGACACCCTGAGCTGCAAGATTGCAGACTTTGGCCTAGCACGCCTCATTGAGGACAACGAGTACACAGCCAGGGAGGGGGCCAAGTTTCCCATTAAGTGGACAGCGCCAGAAGCCATTAACTACGGGACATTCACCATCAAGTCAGATGTGTGGTCTTTTGGGATCCTGCTGACGGAAATTGTCACCCACGGCCGCATCCCTTACCCAGGGATGACCAACCCGGAGGTGATTCAGAACCTGGAGCGAGGCTACCGCATGGTGCGCCCTGACAACTGTCCAGAGGAGCTGTACCAACTCATGAGGCTGTGCTGGAAGGAGCGCCCAGAGGACCGGCCCACCTTTGACTACCTGCGCAGTGTGCTGGAGGACTTCTTCACGGCCACAGAGGGCCAGTACCAGCCTCAGCCTTGA,0.68,58.04,7,1,0,0.263524947
LEMD3,ATGGCGGCGGCAGCAGCTTCGGCGCCTCAGCAGCTCTCGGATGAGGAGCTTTTCTCTCAGCTCCGCCGTTACGGCCTGTCTCCCGGACCAGTGACGGAGAGCACCCGCCCGGTCTACCTCAAGAAGCTGAAGAAGCTTCGAGAGGAAGAGCAGCAACAGCACCGGTCAGGGGGCCGCGGCAACAAGACGCGGAACAGTAATAACAATAACACGGCAGCCGCCACGGTCGCAGCCGCGGGACCAGCGGCGGCGGCGGCCGCGGGGATGGGGGTCCGGCCGGTCTCGGGCGACCTCTCCTACTTACGGACTCCTGGGGGCCTGTGCCGAATCTCGGCCTCTGGCCCAGAGAGCCTCCTGGGAGGGCCCGGGGGCGCCTCCGCCGCCCCCGCGGCTGGCAGCAAAGTGCTGCTGGGCTTCAGCTCGGACGAGTCGGACGTGGAGGCCAGTCCCCGGGACCAGGCCGGCGGCGGCGGGAGGAAAGACCGGGCTTCGCTCCAGTACCGCGGGCTCAAAGCGCCGCCGGCGCCCCTGGCCGCCAGCGAGGTGACTAACAGCAACTCTGCAGAGCGAAGGAAGCCCCACTCGTGGTGGGGGGCCAGGAGGCCGGCGGGCCCCGAGCTGCAGACCCCGCCGGGGAAAGATGGAGCAGTGGAGGACGAGGAAGGGGAGGGAGAGGACGGTGAGGAGAGGGACCCGGAGACCGAGGAGCCGCTCTGGGCGAGCCGGACCGTGAATGGCAGCCGGCTTGTCCCCTACAGCTGCCGGGAAAACTATTCGGACTCAGAGGAAGAGGACGACGACGACGTGGCCTCCAGCAGACAGGTATTAAAGGACGACTCCCTTTCCCGGCATCGGCCCAGACGAACCCATAGTAAGCCTCTCCCCCCGCTGACTGCTAAATCGGCCGGCGGCAGGCTGGAGACTTCAGTTCAGGGAGGGGGAGGACTCGCGATGAATGACAGGGCGGCGGCTGCCGGGAGTCTAGACAGGAGCCGAAACCTCGAAGAGGCGGCGGCCGCGGAGCAGGGAGGAGGGTGTGATCAAGTGGACTCCAGCCCCGTTCCTAGATACCGTGTTAACGCTAAGAAACTGACCCCTCTCCTGCCCCCGCCACTTACTGACATGGACTCAACCTTGGATTCGTCAACAGGCTCCCTTCTGAAAACCAATAATCATATTGGCGGTGGGGCCTTCAGTGTGGACTCCCCCAGGATTTATTCTAACAGTCTCCCTCCCAGTGCGGCGGTGGCCGCCTCTAGTTCACTCAGGATCAATCACGCCAATCATACGGGCTCCAATCATACCTACCTGAAAAACACATACAACAAACCGAAGCTTTCCGAACCCGAAGAGGAACTTCTCCAGCAATTTAAACGGGAGGAGGTGTCCCCAACAGGGAGTTTCAGTGCCCACTACTTGTCGATGTTTCTCTTAACTGCTGCCTGCTTATTTTTCCTAATACTGGGACTGACTTACCTAGGAATGAGAGGGACAGGAGTATCTGAGGATGGAGAACTCAGCATAGAAAACCCCTTTGGTGAAACATTTGGAAAAATACAAGAAAGTGAAAAAACTCTTATGATGAACACATTATATAAGCTTCATGATCGATTGGCACAGCTTGCAGGAGATCATGAATGTGGCAGTTCTAGTCAAAGAACGCTTTCTGTTCAAGAGGCAGCTGCGTATTTAAAAGATTTAGGTCCTGAATATGAAGGTATATTTAACACTTCATTGCAGTGGATCTTAGAAAATGGAAAAGATGTTGGAATAAGGTGTGTTGGTTTTGGCCCTGAGGAAGAATTGACAAATATAACTGATGTGCAGTTTTTACAGTCCACAAGACCACTGATGTCTTTTTGGTGTCGTTTTCGACGTGCTTTTGTTACTGTAACTCACAGATTATTGTTGTTATGCTTAGGTGTAGTGATGGTTTGTGTCGTTCTGCGTTACATGAAATATCGATGGACAAAAGAAGAGGAGGAAACAAGGCAGATGTATGATATGGTGGTAAAGATTATAGATGTTTTACGAAGTCATAATGAAGCCTGCCAGGAAAACAAAGATTTACAACCTTACATGCCTATTCCACATGTACGCGATTCCTTAATACAGCCTCATGACAGGAAAAAAATGAAGAAAGTCTGGGATAGAGCTGTTGACTTCCTTGCTGCTAATGAGTCTAGAGTTCGCACGGAAACACGAAGAATAGGTGGTGCAGATTTTCTGGTTTGGCGGTGGATCCAGCCTTCTGCATCCTGTGACAAAATATTAGTTATACCTTCTAAAGTATGGCAAGGTCAAGCATTTCATTTAGATAGAAGAAATTCACCACCAAATAGTTTGACACCGTGTCTAAAGATTCGGAATATGTTTGATCCCGTTATGGAAATAGGGGATCAGTGGCATTTGGCAATTCAAGAAGCAATTTTAGAAAAATGCAGTGATAATGATGGCATTGTTCACATTGCAGTAGACAAAAATTCACGTGAGGGTTGTGTATATGTTAAATGTCTGTCTCCAGAATATGCTGGAAAGGCTTTTAAAGCATTGCATGGCTCTTGGTTTGATGGGAAATTGGTTACAGTAAAATATTTACGACTAGATAGATACCACCATCGCTTTCCCCAGGCTCTCACTTCCAACACTCCATTGAAGCCATCAAATAAACATATGAACTCCATGTCTCATCTTCGTCTTCGGACTGGCCTAACCAATTCTCAAGGAAGTTCCTGA,0.6,51.95,15,1,0,0.231288118
MAPK1,ATGGCGGCGGCGGCGGCGGCGGGCGCGGGCCCGGAGATGGTCCGCGGGCAGGTGTTCGACGTGGGGCCGCGCTACACCAACCTCTCGTACATCGGCGAGGGCGCCTACGGCATGGTGTGCTCTGCTTATGATAATGTCAACAAAGTTCGAGTAGCTATCAAGAAAATCAGCCCCTTTGAGCACCAGACCTACTGCCAGAGAACCCTGAGGGAGATAAAAATCTTACTGCGCTTCAGACATGAGAACATCATTGGAATCAATGACATTATTCGAGCACCAACCATCGAGCAAATGAAAGATGTATATATAGTACAGGACCTCATGGAAACAGATCTTTACAAGCTCTTGAAGACACAACACCTCAGCAATGACCATATCTGCTATTTTCTCTACCAGATCCTCAGAGGGTTAAAATATATCCATTCAGCTAACGTTCTGCACCGTGACCTCAAGCCTTCCAACCTGCTGCTCAACACCACCTGTGATCTCAAGATCTGTGACTTTGGCCTGGCCCGTGTTGCAGATCCAGACCATGATCACACAGGGTTCCTGACAGAATATGTGGCCACACGTTGGTACAGGGCTCCAGAAATTATGTTGAATTCCAAGGGCTACACCAAGTCCATTGATATTTGGTCTGTAGGCTGCATTCTGGCAGAAATGCTTTCTAACAGGCCCATCTTTCCAGGGAAGCATTATCTTGACCAGCTGAACCACATTTTGGGTATTCTTGGATCCCCATCACAAGAAGACCTGAATTGTATAATAAATTTAAAAGCTAGGAACTATTTGCTTTCTCTTCCACACAAAAATAAGGTGCCATGGAACAGGCTGTTCCCAAATGCTGACTCCAAAGCTCTGGACTTATTGGACAAAATGTTGACATTCAACCCACACAAGAGGATTGAAGTAGAACAGGCTCTGGCCCACCCATATCTGGAGCAGTATTACGACCCGAGTGACGAGCCCATCGCCGAAGCACCATTCAAGTTCGACATGGAATTGGATGACTTGCCTAAGGAAAAGCTCAAAGAACTAATTTTTGAAGAGACTGCTAGATTCCAGCCAGGATACAGATCTTAA,0.63,46.59,11,0,0,0.265605353
MAPKAPK5,ATGTCGGAGGAGAGCGACATGGACAAAGCCATCAAGGAAACTTCCATTTTAGAAGAATACAGTATCAATTGGACTCAGAAGCTGGGAGCTGGAATTAGTGGTCCAGTTAGAGTCTGTGTAAAGAAATCTACTCAAGAACGGTTTGCGCTGAAAATTCTTCTTGATCGTCCAAAAGCTAGAAATGAGGTACGTCTGCACATGATGTGTGCCACACACCCAAACATAGTTCAGATTATTGAAGTGTTTGCTAACAGTGTCCAGTTTCCCCATGAGTCCAGCCCTAGGGCCCGACTCTTAATTGTAATGGAGATGATGGAAGGGGGAGAGCTATTTCACAGAATCAGCCAGCACCGGCACTTTACAGAGAAGCAAGCCAGCCAAGTAACAAAGCAGATAGCTTTGGCTCTGCGGCACTGTCACTTGTTAAACATTGCGCACAGAGACCTCAAGCCTGAAAATCTGCTTTTTAAGGATAACTCTTTGGATGCCCCAGTGAAGTTGTGTGACTTTGGATTTGCCAAGATTGACCAAGGTGACTTGATGACACCCCAGTTCACCCCTTATTATGTAGCACCCCAGGTACTGGAGGCGCAAAGAAGGCATCAGAAGGAGAAATCTGGCATCATACCTACCTCACCGACGCCCTACACTTACAACAAGAGCTGTGACTTGTGGTCCCTAGGGGTGATTATCTATGTGATGCTGTGCGGATACCCTCCTTTTTACTCCAAACACCACAGCCGGACTATCCCAAAGGATATGCGAAGAAAGATCATGACAGGCAGTTTTGAGTTCCCAGAGGAAGAGTGGAGTCAGATCTCAGAGATGGCCAAAGATGTTGTGAGGAAGCTCCTGAAGGTCAAACCGGAGGAGAGACTCACCATCGAGGGAGTGCTGGACCACCCCTGGCTCAATTCCACCGAGGCCCTGGATAATGTGCTGCCTTCTGCTCAGCTGATGATGGACAAGGCAGTGGTTGCAGGAATCCAGCAGGCTCACGCGGAACAGTTGGCCAACATGAGAATCCAGGATCTGAAAGTCAGCCTCAAACCCCTGCACTCAGTGAACAACCCCATTCTGCGGAAGAGGAAGTTACTTGGCACCAAGCCAAAGGACAGTGTCTATATCCACGACCATGAGAATGGAGCCGAGGATTCCAATGTTGCCTTGGAAAAACTCCGAGATGTGATTGCTCAGTGTATTCTCCCCCAGGCTGGAGAGAATGAAGATGAGAAACTGAATGAAGTAATGCAGGAGGCTTGGAAGTATAACCGGGAATGCAAACTCCTAAGAGATACTCTGCAGAGCTTCAGCTGGAATGGTCGTGGATTCACAGATAAAGTAGATCGACTAAAACTGGCAGAAATTGTGAAGCAGGTGATAGAAGAGCAAACCACGTCCCACGAATCCCAATAA,0.62,48.03,12,1,0,0.251964763
MMPL3,GTGTTCGCCTGGTGGGGTCGAACTGTGTACCGCTACCGGTTCATCGTAATCGGGGTCATGGTCGCTCTATGCCTCGGCGGCGGCGTTTTCGGGCTGAGCCTCGGCAAGCACGTCACGCAGAGCGGCTTCTACGACGACGGCAGCCAATCGGTGCAAGCATCGGTGCTGGGCGACCAGGTCTACGGCCGAGACCGAAGCGGTCACATCGTCGCGATCTTCCAAGCCCCAGCCGGCAAGACCGTTGACGACCCGGCCTGGTCAAAGAAGGTCGTCGACGAGCTCAACCGGTTCCAGCAGGATCACCCCGACCAGGTCTTGGGATGGGCCGGCTACCTGAGAGCGAGTCAGGCGACCGGCATGGCCACCGCCGACAAGAAGTACACCTTCGTTTCCATCCCGCTCAAGGGTGATGACGACGACACCATCCTCAACAACTACAAGGCCATCGCACCCGACCTGCAGCGGCTCGACGGAGGCACGGTGAAGCTCGCCGGGCTGCAACCGGTGGCCGAGGCGTTGACCGGCACCATCGCCACCGACCAACGGCGAATGGAAGTGCTGGCGCTGCCGTTGGTGGCGGTGGTGTTGTTCTTCGTGTTCGGCGGCGTGATCGCCGCCGGCCTACCGGTGATGGTCGGAGGGCTGTGCATCGCCGGCGCGCTGGGCATCATGCGGTTCCTCGCGATCTTCGGTCCCGTGCACTATTTCGCCCAGCCCGTGGTGTCGCTGATCGGTCTGGGGATCGCCATCGACTACGGGTTGTTCATCGTGAGCCGGTTCCGCGAAGAGATCGCCGAAGGCTACGACACCGAGACGGCAGTACGGCGCACGGTGATCACCGCCGGACGCACGGTGACGTTCTCGGCGGTGTTGATCGTCGCGTCGGCGATCGGTCTGCTGCTCTTCCCGCAGGGTTTCCTGAAGTCGCTGACCTACGCCACGATCGCATCGGTGATGCTGTCGGCCATCCTGTCTATCACCGTGTTGCCGGCCTGTCTGGGGATCCTGGGCAAACACGTCGACGCGCTCGGCGTGCGGACCCTGTTCCGGGTGCCCTTCCTGGCGAACTGGAAGATTTCGGCCGCCTACCTGAACTGGCTCGCCGACCGCCTGCAGCGGACCAAGACCCGCGAAGAGGTCGAAGCCGGCTTCTGGGGCAAGCTGGTTAACCGGGTGATGAAGCGCCCAGTGCTGTTCGCCGCACCGATCGTCATCATCATGATTTTGCTGATTATCCCGGTGGGCAAGCTGTCATTGGGCGGGATCAGCGAGAAGTACTTGCCGCCGACCAATTCGGTGCGCCAGGCGCAGGAGGAGTTCGACAAACTCTTCCCCGGATACCGCACCAATCCGCTGACACTGGTGATCCAGACCAGCAACCATCAACCGGTCACCGACGCGCAGATCGCTGACATCCGCAGCAAGGCGATGGCGATCGGCGGATTCATCGAGCCGGACAACGATCCGGCGAATATGTGGCAAGAGCGTGCCTACGCGGTAGGCGCATCTAAAGATCCATCGGTGCGCGTCCTGCAGAACGGGTTGATCAACCCGGCTGACGCGTCGAAGAAGCTCACCGAGCTGCGCGCGATCACCCCGCCCAAAGGAATCACGGTCTTGGTCGGTGGAACTCCCGCCCTGGAGCTGGATTCAATCCACGGCCTGTTCGCGAAGATGCCGCTGATGGTGGTCATCCTGCTGACCACCACGATCGTCTTGATGTTCTTGGCGTTCGGCTCGGTGGTGCTGCCAATCAAGGCGACGCTGATGAGCGCTCTGACGCTCGGGTCCACCATGGGCATCCTGACGTGGATATTCGTCGACGGACACTTTTCGAAGTGGCTGAATTTCACGCCGACCCCGCTGACAGCGCCGGTGATCGGGCTGATCATCGCGCTGGTCTTCGGCCTATCCACCGACTACGAGGTGTTCTTGGTGTCCCGGATGGTCGAGGCGCGAGAGCGCGGCATGTCGACCCAGGAGGCGATCCGGATCGGCACCGCAGCCACCGGACGCATCATTACCGCCGCGGCGCTGATTGTTGCCGTCGTCGCGGGCGCGTTCGTGTTCTCCGACCTGGTGATGATGAAGTATCTGGCCTTTGGACTGATGGCGGCGCTGCTGCTGGACGCGACCGTGGTGCGGATGTTTTTAGTGCCATCGGTGATGAAGCTGCTCGGCGATGACTGCTGGTGGGCACCGCGCTGGGCCAGACGCCTGCAGACCCGCATCGGGCTGGGCGAGATCCACCTGCCCGACGAGCGCAAGCGGCCCGTCAGCAACGGGCGTCCCGCACGTCCTCCGGTCACAGCTGGGCTGGTTGCGGCGCGCGCCGCTGGGGACCCGCGCCCACCGCACGATCCGACCCATCCGCTGGCGGAGTCACCTCGACCGGCCCGCTCGAGTCCAGCAAGCTCACCGGAGCTCACGCCTGCCCTGGAAGCAACTGCCGCGCCGGCGGCGCCGTCTGGGGCGAGCACCACACGGATGCAGATCGGGTCGTCGACGGAGCCGCCGACAACCCGCCTCGCGGCTGCCGGTCGGTCCGTGCAGTCGCCAGCATCCACGCCGCCACCAACCCCGACCCCGCCATCGGCCCCGTCTGCCGGTCAGACCCGGGCTATGCCGCTTGCGGCGAACCGCTCCACAGACGCAGCCGGTGACCCGGCCGAACCCACCGCGGCCCTGCCAATCATACGGTCGGACGGCGACGACTCAGAGGCAGCCACTGAGCAGCTGAATGCCCGCGGCACGAGCGATAAGACGCGTCAGCGCCGCCGCGGCGGCGGCGCCCTGTCCGCCCAGGATCTGCTTCGCCGCGAAGGACGCCTTTAA,0.7,65.37,7,0,0,0.26497987
NGFR,ATGGGGGCAGGTGCCACCGGCCGCGCCATGGACGGGCCGCGCCTGCTGCTGTTGCTGCTTCTGGGGGTGTCCCTTGGAGGTGCCAAGGAGGCATGCCCCACAGGCCTGTACACACACAGCGGTGAGTGCTGCAAAGCCTGCAACCTGGGCGAGGGTGTGGCCCAGCCTTGTGGAGCCAACCAGACCGTGTGTGAGCCCTGCCTGGACAGCGTGACGTTCTCCGACGTGGTGAGCGCGACCGAGCCGTGCAAGCCGTGCACCGAGTGCGTGGGGCTCCAGAGCATGTCGGCGCCGTGCGTGGAGGCCGACGACGCCGTGTGCCGCTGCGCCTACGGCTACTACCAGGATGAGACGACTGGGCGCTGCGAGGCGTGCCGCGTGTGCGAGGCGGGCTCGGGCCTCGTGTTCTCCTGCCAGGACAAGCAGAACACCGTGTGCGAGGAGTGCCCCGACGGCACGTATTCCGACGAGGCCAACCACGTGGACCCGTGCCTGCCCTGCACCGTGTGCGAGGACACCGAGCGCCAGCTCCGCGAGTGCACACGCTGGGCCGACGCCGAGTGCGAGGAGATCCCTGGCCGTTGGATTACACGGTCCACACCCCCAGAGGGCTCGGACAGCACAGCCCCCAGCACCCAGGAGCCTGAGGCACCTCCAGAACAAGACCTCATAGCCAGCACGGTGGCAGGTGTGGTGACCACAGTGATGGGCAGCTCCCAGCCCGTGGTGACCCGAGGCACCACCGACAACCTCATCCCTGTCTATTGCTCCATCCTGGCTGCTGTGGTTGTGGGCCTTGTGGCCTACATAGCCTTCAAGAGGTGGAACAGCTGCAAGCAGAACAAGCAAGGAGCCAACAGCCGGCCAGTGAACCAGACGCCCCCACCAGAGGGAGAAAAACTCCACAGCGACAGTGGCATCTCCGTGGACAGCCAGAGCCTGCATGACCAGCAGCCCCACACGCAGACAGCCTCGGGCCAGGCCCTCAAGGGTGACGGAGGCCTCTACAGCAGCCTGCCCCCAGCCAAGCGGGAGGAGGTGGAGAAGCTTCTCAACGGCTCTGCGGGGGACACCTGGCGGCACCTGGCGGGCGAGCTGGGCTACCAGCCCGAGCACATAGACTCCTTTACCCATGAGGCCTGCCCCGTTCGCGCCCTGCTTGCAAGCTGGGCCACCCAGGACAGCGCCACACTGGACGCCCTCCTGGCCGCCCTGCGCCGCATCCAGCGAGCCGACCTCGTGGAGAGTCTGTGCAGTGAGTCCACTGCCACATCCCCGGTGTGA,0.68,66.71,8,2,0,0.236030171
NOC2L,ATGGCAGCTGCGGGGAGCCGCAAGAGGCGCCTGGCGGAGCTGACGGTGGACGAGTTCCTAGCTTCGGGCTTTGACTCCGAGTCCGAATCCGAGTCCGAAAATTCTCCACAAGCGGAGACACGGGAAGCACGCGAGGCTGCCCGGAGTCCGGATAAGCCGGGCGGGAGCCCCTCGGCCAGCCGGCGTAAAGGCCGTGCCTCTGAGCACAAAGACCAGCTCTCTCGGCTGAAGGACAGAGACCCCGAGTTCTACAAGTTCCTGCAGGAGAATGACCAGAGCCTGCTAAACTTCAGCGACTCGGACAGCTCTGAGGAGGAAGAGGGGCCGTTCCACTCCCTGCCAGATGTGCTGGAGGAAGCCAGTGAGGAGGAGGATGGAGCGGAGGAAGGAGAAGATGGGGACAGAGTCCCCAGAGGGCTGAAGGGGAAGAAGAATTCTGTTCCTGTGACCGTCGCCATGGTTGAGAGATGGAAGCAGGCAGCAAAGCAACGCCTCACTCCAAAGCTGTTCCATGAAGTGGTACAGGCGTTCCGAGCAGCTGTGGCCACCACCCGAGGGGACCAGGAAAGTGCTGAGGCCAACAAATTCCAGGTCACGGACAGTGCTGCATTCAATGCTCTGGTTACCTTCTGCATCAGAGACCTCATTGGCTGTCTCCAGAAGCTGCTGTTTGGAAAGGTGGCAAAGGATAGCAGCAGGATGCTGCAGCCGTCCAGCAGCCCGCTCTGGGGGAAGCTTCGTGTGGACATCAAGGCTTACCTGGGCTCGGCCATACAGCTGGTGTCCTGTCTGTCGGAGACGACGGTGTTGGCGGCCGTGCTGCGGCACATCAGCGTGCTGGTGCCCTGCTTCCTGACCTTCCCCAAGCAGTGCCGCATGCTGCTCAAGAGAATGGTGATCGTATGGAGCACTGGGGAAGAGTCTCTGCGGGTGCTGGCTTTCCTGGTCCTCAGCAGAGTCTGCCGGCACAAGAAGGACACTTTCCTTGGCCCCGTCCTCAAGCAAATGTACATCACGTATGTGAGGAACTGCAAGTTCACCTCGCCTGGTGCCCTCCCCTTCATCAGTTTCATGCAGTGGACCTTGACGGAGCTGCTGGCCCTGGAGCCGGGTGTGGCCTACCAGCACGCCTTCCTCTACATCCGCCAGCTCGCCATACACCTGCGCAACGCCATGACCACTCGCAAGAAGGAAACATACCAGTCTGTGTACAACTGGCAGTATGTGCACTGCCTCTTCCTGTGGTGCCGGGTCCTGAGCACTGCGGGCCCCAGCGAAGCCCTCCAGCCCTTGGTCTACCCCCTTGCCCAAGTCATCATTGGCTGTATCAAGCTCATCCCCACTGCCCGCTTCTACCCGCTGCGAATGCACTGCATCCGTGCCCTGACGCTGCTCTCGGGGAGCTCGGGGGCCTTCATCCCGGTGCTGCCTTTCATCCTGGAGATGTTCCAGCAGGTCGACTTCAACAGGAAGCCAGGGCGCATGAGCTCCAAGCCCATCAACTTCTCCGTGATCCTGAAGCTGTCCAATGTCAACCTGCAGGAGAAGGCGTACCGGGACGGCCTGGTGGAGCAGCTGTACGACCTCACCCTGGAGTACCTGCACAGCCAGGCACACTGCATCGGCTTCCCGGAGCTGGTGCTGCCTGTGGTCCTGCAGCTGAAGTCGTTCCTCCGGGAGTGCAAGGTGGCCAACTACTGCCGGCAGGTGCAGCAGCTGCTTGGGAAGGTTCAGGAGAACTCGGCATACATCTGCAGCCGCCGCCAGAGGGTTTCCTTCGGCGTCTCTGAGCAGCAGGCAGTGGAAGCCTGGGAGAAGCTGACCCGGGAAGAGGGGACACCCCTGACCTTGTACTACAGCCACTGGCGCAAGCTGCGTGACCGGGAGATCCAGCTGGAGATCAGTGGCAAAGAGCGGCTGGAAGACCTGAACTTCCCTGAGATCAAACGAAGGAAGATGGCTGACAGGAAGGATGAGGACAGGAAGCAATTTAAAGACCTCTTTGACCTGAACAGCTCTGAAGAGGACGACACCGAGGGATTCTCGGAGAGAGGGATACTGAGGCCCCTGAGCACTCGGCATGGGGTGGAAGACGATGAAGAGGACGAGGAGGAGGGCGAGGAGGACAGCAGCAACTCGGAGGATGGAGACCCAGACGCAGAGGCGGGGCTGGCCCCTGGGGAGCTGCAGCAGCTGGCCCAGGGGCCGGAGGACGAGCTGGAGGATCTGCAGCTCTCAGAGGACGACTGA,0.64,60.15,9,1,0,0.257461817
NPR1,ATGCCGGGGCCCCGGCGCCCCGCTGGCTCCCGCCTGCGCCTGCTCCTGCTCCTGCTGCTGCCGCCGCTGCTGCTGCTGCTCCGGGGCAGCCACGCGGGCAACCTGACGGTAGCCGTGGTACTGCCGCTGGCCAATACCTCGTACCCCTGGTCGTGGGCGCGCGTGGGACCCGCCGTGGAGCTGGCCCTGGCCCAGGTGAAGGCGCGCCCCGACTTGCTGCCGGGCTGGACGGTCCGCACGGTGCTGGGCAGCAGCGAAAACGCGCTGGGCGTCTGCTCCGACACCGCAGCGCCCCTGGCCGCGGTGGACCTCAAGTGGGAGCACAACCCCGCTGTGTTCCTGGGCCCCGGCTGCGTGTACGCCGCCGCCCCAGTGGGGCGCTTCACCGCGCACTGGCGGGTCCCGCTGCTGACCGCCGGCGCCCCGGCGCTGGGCTTCGGTGTCAAGGACGAGTATGCGCTGACCACCCGCGCGGGGCCCAGCTACGCCAAGCTGGGGGACTTCGTGGCGGCGCTGCACCGACGGCTGGGCTGGGAGCGCCAAGCGCTCATGCTCTACGCCTACCGGCCGGGTGACGAAGAGCACTGCTTCTTCCTCGTGGAGGGGCTGTTCATGCGGGTCCGCGACCGCCTCAATATTACGGTGGACCACCTGGAGTTCGCCGAGGACGACCTCAGCCACTACACCAGGCTGCTGCGGACCATGCCGCGCAAAGGCCGAGTTATCTACATCTGCAGCTCCCCTGATGCCTTCAGAACCCTCATGCTCCTGGCCCTGGAAGCTGGCTTGTGTGGGGAGGACTACGTTTTCTTCCACCTGGATATCTTTGGGCAAAGCCTGCAAGGTGGACAGGGCCCTGCTCCCCGCAGGCCCTGGGAGAGAGGGGATGGGCAGGATGTCAGTGCCCGCCAGGCCTTTCAGGCTGCCAAAATCATTACATATAAAGACCCAGATAATCCCGAGTACTTGGAATTCCTGAAGCAGTTAAAACACCTGGCCTATGAGCAGTTCAACTTCACCATGGAGGATGGCCTGGTGAACACCATCCCAGCATCCTTCCACGACGGGCTCCTGCTCTATATCCAGGCAGTGACGGAGACTCTGGCACATGGGGGAACTGTTACTGATGGGGAGAACATCACTCAGCGGATGTGGAACCGAAGCTTTCAAGGTGTGACAGGATACCTGAAAATTGATAGCAGTGGCGATCGGGAAACAGACTTCTCCCTCTGGGATATGGATCCCGAGAATGGTGCCTTCAGGGTTGTACTGAACTACAATGGGACTTCCCAAGAGCTGGTGGCTGTGTCGGGGCGCAAACTGAACTGGCCCCTGGGGTACCCTCCTCCTGACATCCCCAAATGTGGCTTTGACAACGAAGACCCAGCATGCAACCAAGATCACCTTTCCACCCTGGAGGTGCTGGCTTTGGTGGGCAGCCTCTCCTTGCTCGGCATTCTGATTGTCTCCTTCTTCATATACAGGAAGATGCAGCTGGAGAAGGAACTGGCCTCGGAGCTGTGGCGGGTGCGCTGGGAGGACGTTGAGCCCAGTAGCCTTGAGAGGCACCTGCGGAGTGCAGGCAGCCGGCTGACCCTGAGCGGGAGAGGCTCCAATTACGGCTCCCTGCTAACCACAGAGGGCCAGTTCCAAGTCTTTGCCAAGACAGCATATTATAAGGGCAACCTCGTGGCTGTGAAACGTGTGAACCGTAAACGCATTGAGCTGACACGAAAAGTCCTGTTTGAACTGAAGCATATGCGGGATGTGCAGAATGAACACCTGACCAGGTTTGTGGGAGCCTGCACCGACCCCCCCAATATCTGCATCCTCACAGAGTACTGTCCCCGTGGGAGCCTGCAGGACATTCTGGAGAATGAGAGCATCACCCTGGACTGGATGTTCCGGTACTCACTCACCAATGACATCGTCAAGGGCATGCTGTTTCTACACAATGGGGCTATCTGTTCCCATGGGAACCTCAAGTCATCCAACTGCGTGGTAGATGGGCGCTTTGTGCTCAAGATCACCGACTATGGGCTGGAGAGCTTCAGGGACCTGGACCCAGAGCAAGGACACACCGTTTATGCCAAAAAGCTGTGGACGGCCCCTGAGCTCCTGCGAATGGCTTCACCCCCTGTGCGGGGCTCCCAGGCTGGTGACGTATACAGCTTTGGGATCATCCTTCAGGAGATTGCCCTGAGGAGTGGGGTCTTCCACGTGGAAGGTTTGGACCTGAGCCCCAAAGAGATCATCGAGCGGGTGACTCGGGGTGAGCAGCCCCCCTTCCGGCCCTCCCTGGCCCTGCAGAGTCACCTGGAGGAGTTGGGGCTGCTCATGCAGCGGTGCTGGGCTGAGGACCCACAGGAGAGGCCACCATTCCAGCAGATCCGCCTGACGTTGCGCAAATTTAACAGGGAGAACAGCAGCAACATCCTGGACAACCTGCTGTCCCGCATGGAGCAGTACGCGAACAATCTGGAGGAACTGGTGGAGGAGCGGACCCAGGCATACCTGGAGGAGAAGCGCAAGGCTGAGGCCCTGCTCTACCAGATCCTGCCTCACTCAGTGGCTGAGCAGCTGAAGCGTGGGGAGACGGTGCAGGCCGAAGCCTTTGACAGTGTTACCATCTACTTCAGTGACATTGTGGGTTTCACAGCGCTGTCGGCGGAGAGCACACCCATGCAGGTGGTGACCCTGCTCAATGACCTGTACACTTGCTTTGATGCTGTCATAGACAACTTTGATGTGTACAAGGTGGAGACAATTGGCGATGCCTACATGGTGGTGTCAGGGCTCCCTGTGCGGAACGGGCGGCTACACGCCTGCGAGGTAGCCCGCATGGCCCTGGCACTGCTGGATGCTGTGCGCTCCTTCCGAATCCGCCACCGGCCCCAGGAGCAGCTGCGCTTGCGCATTGGCATCCACACAGGACCTGTGTGTGCTGGAGTGGTGGGACTGAAGATGCCCCGTTACTGTCTCTTTGGGGATACAGTCAACACAGCCTCAAGAATGGAGTCTAATGGGGAAGCCCTGAAGATCCACTTGTCTTCTGAGACCAAGGCTGTCCTGGAGGAGTTTGGTGGTTTCGAGCTGGAGCTTCGAGGGGATGTAGAAATGAAGGGCAAAGGCAAGGTTCGGACCTACTGGCTCCTTGGGGAGAGGGGGAGTAGCACCCGAGGCTGA,0.66,60.02,11,0,0,0.259132955
OPRM1,ATGGACAGCAGCGCTGCCCCCACGAACGCCAGCAATTGCACTGATGCCTTGGCGTACTCAAGTTGCTCCCCAGCACCCAGCCCCGGTTCCTGGGTCAACTTGTCCCACTTAGATGGCAACCTGTCCGACCCATGCGGTCCGAACCGCACCGACCTGGGCGGGAGAGACAGCCTGTGCCCTCCGACCGGCAGTCCCTCCATGATCACGGCCATCACGATCATGGCCCTCTACTCCATCGTGTGCGTGGTGGGGCTCTTCGGAAACTTCCTGGTCATGTATGTGATTGTCAGATACACCAAGATGAAGACTGCCACCAACATCTACATTTTCAACCTTGCTCTGGCAGATGCCTTAGCCACCAGTACCCTGCCCTTCCAGAGTGTGAATTACCTAATGGGAACATGGCCATTTGGAACCATCCTTTGCAAGATAGTGATCTCCATAGATTACTATAACATGTTCACCAGCATATTCACCCTCTGCACCATGAGTGTTGATCGATACATTGCAGTCTGCCACCCTGTCAAGGCCTTAGATTTCCGTACTCCCCGAAATGCCAAAATTATCAATGTCTGCAACTGGATCCTCTCTTCAGCCATTGGTCTTCCTGTAATGTTCATGGCTACAACAAAATACAGGCAAGGTTCCATAGATTGTACACTAACATTCTCTCATCCAACCTGGTACTGGGAAAACCTGCTGAAGATCTGTGTTTTCATCTTCGCCTTCATTATGCCAGTGCTCATCATTACCGTGTGCTATGGACTGATGATCTTGCGCCTCAAGAGTGTCCGCATGCTCTCTGGCTCCAAAGAAAAGGACAGGAATCTTCGAAGGATCACCAGGATGGTGCTGGTGGTGGTGGCTGTGTTCATCGTCTGCTGGACTCCCATTCACATTTACGTCATCATTAAAGCCTTGGTTACAATCCCAGAAACTACGTTCCAGACTGTTTCTTGGCACTTCTGCATTGCTCTAGGTTACACAAACAGCTGCCTCAACCCAGTCCTTTATGCATTTCTGGATGAAAACTTCAAACGATGCTTCAGAGAGTTCTGTATCCCAACCTCTTCCAACATTGAGCAACAAAACTCCACTCGAATTCGTCAGAACACTAGAGACCACCCCTCCACGGCCAATACAGTGGATAGAACTAATCATCAGCTAGAAAATCTGGAAGCAGAAACTGCTCCGTTGCCCTAA,0.65,49.18,11,0,0,0.243056892
pak1,ATGTCAAATAACGGCCTAGACATTCAAGACAAACCCCCAGCCCCTCCGATGAGAAATACCAGCACTATGATTGGAGCCGGCAGCAAAGATGCTGGAACCCTAAACCATGGTTCTAAACCTCTGCCTCCAAACCCAGAGGAGAAGAAAAAGAAGGACCGATTTTACCGATCCATTTTACCTGGAGATAAAACAAATAAAAAGAAAGAGAAAGAGCGGCCAGAGATTTCTCTCCCTTCAGATTTTGAACACACAATTCATGTCGGTTTTGATGCTGTCACAGGGGAGTTTACGGGAATGCCAGAGCAGTGGGCCCGCTTGCTTCAGACATCAAATATCACTAAGTCGGAGCAGAAGAAAAACCCGCAGGCTGTTCTGGATGTGTTGGAGTTTTACAACTCGAAGAAGACATCCAACAGCCAGAAATACATGAGCTTTACAGATAAGTCAGCTGAGGATTACAATTCTTCTAATGCCTTGAATGTGAAGGCTGTGTCTGAGACTCCTGCAGTGCCACCAGTTTCAGAAGATGAGGATGATGATGATGATGATGCTACCCCACCACCAGTGATTGCTCCACGCCCAGAGCACACAAAATCTGTATACACACGGTCTGTGATTGAACCACTTCCTGTCACTCCAACTCGGGACGTGGCTACATCTCCCATTTCACCTACTGAAAATAACACCACTCCACCAGATGCTTTGACCCGGAATACTGAGAAGCAGAAGAAGAAGCCTAAAATGTCTGATGAGGAGATCTTGGAGAAATTACGAAGCATAGTGAGTGTGGGCGATCCTAAGAAGAAATATACACGGTTTGAGAAGATTGGACAAGGTGCTTCAGGCACCGTGTACACAGCAATGGATGTGGCCACAGGACAGGAGGTGGCCATTAAGCAGATGAATCTTCAGCAGCAGCCCAAGAAAGAGCTGATTATTAATGAGATCCTGGTCATGAGGGAAAACAAGAACCCAAACATTGTGAATTACTTGGACAGTTACCTCGTGGGAGATGAGCTGTGGGTTGTTATGGAATACTTGGCTGGAGGCTCCTTGACAGATGTGGTGACAGAAACTTGCATGGATGAAGGCCAAATTGCAGCTGTGTGCCGTGAGTGTCTGCAGGCTCTGGAGTTCTTGCATTCGAACCAGGTCATTCACAGAGACATCAAGAGTGACAATATTCTGTTGGGAATGGATGGCTCTGTCAAGCTAACTGACTTTGGATTCTGTGCACAGATAACCCCAGAGCAGAGCAAACGGAGCACCATGGTAGGAACCCCATACTGGATGGCACCAGAGGTTGTGACACGAAAGGCCTATGGGCCCAAGGTTGACATCTGGTCCCTGGGCATCATGGCCATCGAAATGATTGAAGGGGAGCCTCCATACCTCAATGAAAACCCTCTGAGAGCCTTGTACCTCATTGCCACCAATGGGACCCCAGAACTTCAGAACCCAGAGAAGCTGTCAGCTATCTTCCGGGACTTTCTGAACCGCTGTCTCGAGATGGATGTGGAGAAGAGAGGTTCAGCTAAAGAGCTGCTACAGCATCAATTCCTGAAGATTGCCAAGCCCCTCTCCAGCCTCACTCCACTGATTGCTGCAGCTAAGGAGGCAACAAAGAACAATCACTAA,0.63,47.92,7,1,0,0.254064147
PA,ATGGAAGACTTTGTGCGACAATGCTTCAATCCAATGATCGTCGAGCTTGCGGAAAAGGCAATGAAAGAATATGGGGAAGATCCGAAAATCGAAACTAACAAGTTTGCTGCAATATGCACACATTTGGAAGTTTGTTTCATGTATTCGGATTTCGGCTCTGGTGACCCGAATGCACTATTGAAGCACCGATTTGAGATAATTGAAGGAAGAGACCGAATCATGGCCTGGACAGTGGTGAACAGTATATGTAACACAACAGGGGTAGAGAAGCCTAAATTTCTTCCTGATTTGTATGATTACAAAGAGAACCGGTTCATTGAAATTGGAGTAACACGGAGGGAAGTCCACATATATTACCTAGAGAAAGCCAACAAAATAAAATCTGAGAAGACACACATTCACATCTTTTCATTCACTGGAGAGGAGATGGCCACCAAAGCGGACTACACCCTTGACGAAGAGAGCAGGGCAAGAATCAAAACTAGGCTTTTCACTATAAGACAAGAAATGGCCAGTAGGAGTCTATGGGATTCCTTTCGTCAGTCCGAAAGAGGCGAATAA,0.6,41.95,14,0,0,0.245078013
PDCD11,ATGGCAAACCTGGAAGAAAGCTTCCCCCGAGGAGGTACAAGAAAGATCCACAAACCAGAGAAAGCTTTCCAGCAGTCAGTTGAACAAGACAACTTATTTGATATTTCTACTGAAGAGGGATCCACCAAAAGAAAAAAGAGCCAGAAGGGGCCAGCAAAAACAAAAAAGTTGAAAATCGAAAAGAGAGAAAGCAGCAAGTCCGCAAGAGAGAAGTTTGAAATCCTTAGTGTTGAGTCCCTGTGTGAGGGAATGCGTATTTTGGGTTGCGTGAAAGAGGTGAATGAACTGGAACTGGTGATTAGTCTCCCCAATGGCCTCCAGGGCTTTGTGCAAGTCACTGAAATCTGTGATGCCTACACCAAAAAGCTGAATGAGCAGGTGACACAAGAACAACCTCTGAAGGACCTACTTCACTTGCCTGAACTTTTCTCACCTGGAATGCTGGTAAGATGTGTGGTGAGCAGTCTGGGCATCACAGACAGGGGCAAGAAGAGTGTCAAGCTGTCTCTGAACCCCAAAAATGTCAACAGAGTGCTGAGTGCTGAGGCCCTGAAGCCTGGCATGCTACTTACAGGTACCGTATCCAGCCTGGAAGACCATGGCTACCTAGTGGACATTGGTGTTGATGGGACCAGAGCTTTTCTGCCACTGCTGAAAGCCCAGGAGTACATCAGACAGAAGAACAAAGGTGCTAAACTAAAGGTGGGTCAGTACCTGAACTGCATTGTTGAAAAGGTGAAAGGCAACGGAGGAGTTGTTAGTCTGTCTGTTGGTCACTCAGAGGTTTCTACGGCCATTGCTACTGAACAGCAGAGCTGGAACCTTAATAACTTGCTACCAGGACTGGTGGTCAAAGCTCAGGTACAGAAGGTGACTCCATTTGGCCTTACGCTAAACTTCCTCACATTCTTCACGGGCGTGGTTGACTTTATGCACCTGGATCCCAAGAAAGCTGGAACATATTTCTCAAATCAGGCAGTGAGGGCCTGCATCCTTTGCGTCCATCCTCGAACCAGAGTTGTGCACCTGAGCCTGCGCCCCATCTTCCTACAGCCTGGACGCCCACTCACCCGACTCTCTTGCCAGAACCTTGGAGCAGTGCTGGATGATGTTCCTGTCCAGGGTTTTTTCAAAAAGGCTGGGGCCACCTTTAGGCTGAAGGATGGGGTTCTGGCCTATGCCCGGCTCAGCCATCTCTCTGATTCTAAGAACGTCTTCAATCCTGAGGCCTTCAAGCCAGGGAACACTCACAAGTGTAGAATTATTGACTACAGCCAAATGGATGAACTGGCCTTGCTCTCTCTACGAACGTCTATTATTGAAGCTCAGTACCTTAGATATCATGACATCGAACCTGGGGCAGTGGTAAAGGGCACAGTGCTAACCATAAAGTCATATGGGATGCTGGTGAAGGTGGGCGAGCAGATGAGGGGCCTGGTACCTCCCATGCACCTGGCTGACATCCTGATGAAGAATCCGGAGAAGAAGTACCACATCGGGGATGAGGTCAAGTGCCGGGTTTTGCTTTGTGACCCTGAAGCCAAGAAGCTGATGATGACCCTGAAAAAAACCCTGATTGAGTCCAAACTACCTGTCATTACCTGCTATGCCGATGCCAAGCCTGGTCTGCAGACACATGGCTTCATCATCAGGGTCAAGGACTATGGCTGCATTGTGAAGTTCTACAACAATGTGCAGGGACTGGTGCCCAAGCATGAGCTCAGTACTGAGTATATCCCTGACCCGGAGAGAGTTTTTTACACTGGCCAGGTGGTGAAGGTTGTCGTATTGAACTGTGAGCCATCCAAAGAGAGGATGCTCTTATCCTTCAAGCTGTCGAGTGATCCAGAGCCAAAGAAAGAGCCTGCAGGACACAGTCAGAAGAAAGGAAAAGCCATTAACATTGGGCAGTTGGTAGATGTGAAGGTTTTAGAGAAGACCAAAGATGGGCTGGAGGTGGCTGTCCTGCCCCACAACATCCGTGCTTTCCTCCCCACATCTCATCTGTCGGACCACGTTGCCAACGGCCCATTGTTACATCATTGGCTCCAGGCAGGTGACATCCTTCACCGAGTCCTGTGTCTGAGCCAGAGCGAGGGGCGTGTTCTTCTTTGCAGGAAGCCAGCCTTGGTCTCCACAGTAGAAGGTGGCCAGGATCCCAAGAACTTCTCAGAAATCCATCCTGGAATGCTGCTCATTGGTTTTGTGAAGAGCATCAAGGACTATGGCGTGTTCATCCAGTTCCCCTCAGGTCTTAGCGGACTGGCCCCAAAAGCTATCATGAGTGACAAATTTGTGACCTCCACAAGTGACCACTTTGTTGAGGGCCAGACAGTAGCGGCAAAGGTGACCAATGTGGATGAGGAGAAGCAGCGGATGCTGCTGTCACTGCGGCTGTCGGACTGTGGTCTGGGGGACTTGGCTATCACCAGCCTCCTCCTCCTGAATCAGTGCCTGGAGGAGCTGCAGGGCGTGCGCAGCCTTATGAGCAACCGAGACTCTGTGTTGATCCAGACGCTGGCCGAGATGACCCCAGGAATGTTCCTTGACCTAGTGGTGCAGGAGGTGTTGGAAGATGGCTCTGTGGTATTCAGTGGGGGTCCAGTGCCCGACCTGGTCCTGAAAGCCAGCAGATACCATCGCGCAGGGCAGGAGGTGGAATCTGGGCAGAAAAAGAAGGTTGTTATCTTAAATGTTGATCTTTTGAAGTTGGAAGTGCACGTTTCCCTTCACCAGGACTTGGTGAATAGAAAAGCTAGAAAGCTGAGGAAAGGCAGCGAACACCAGGCGATTGTGCAGCACTTGGAGAAGTCCTTTGCCATTGCCTCCTTGGTAGAGACGGGCCACCTGGCAGCTTTCTCCCTGACCTCTCACCTCAACGACACCTTCCGCTTTGACTCAGAGAAATTGCAGGTGGGACAGGGTGTCTCCCTAACCCTCAAGACCACAGAACCAGGAGTGACTGGCCTTCTTTTGGCTGTGGAGGGGCCGGCTGCCAAGAGGACCATGAGGCCGACCCAGAAGGACTCTGAGACAGTTGATGAGGATGAAGAAGTGGATCCAGCTCTGACTGTAGGGACCATAAAGAAGCACACCCTCTCCATCGGGGACATGGTCACAGGGACTGTCAAGTCCATTAAGCCTACCCATGTGGTTGTGACTCTGGAAGATGGCATTATTGGCTGTATCCATGCCTCCCACATTCTAGATGATGTTCCAGAGGGCACCTCTCCTACTACCAAGCTGAAGGTTGGGAAGACGGTCACTGCCCGAGTGATTGGCGGGCGAGACATGAAGACATTCAAGTATCTCCCAATAAGTCACCCCAGATTCGTTCGAACCATCCCGGAGCTGAGTGTTCGGCCAAGTGAGCTGGAGGATGGCCACACTGCTCTTAACACTCACTCTGTTAGCCCCATGGAGAAGATTAAACAGTACCAGGCCGGCCAGACTGTTACTTGCTTCTTAAAGAAATACAATGTGGTGAAGAAATGGCTTGAGGTGGAGATTGCCCCAGACATCCGGGGGAGAATTCCCTTATTGCTCACTTCTCTGAGCTTCAAGGTTCTGAAGCATCCAGATAAGAAGTTCCGGGTTGGCCAGGCCCTGAGGGCCACCGTTGTTGGCCCAGATTCCTCCAAGACCCTCTTATGTCTGTCCCTCACAGGTCCTCACAAGCTTGAGGAAGGGGAAGTGGCCATGGGCCGAGTGGTGAAGGTGACTCCCAACGAGGGGCTGACCGTCTCCTTCCCCTTTGGGAAGATAGGAACAGTCAGTATATTTCACATGAGTGACTCCTACTCCGAGACGCCCCTGGAAGACTTCGTCCCCCAGAAGGTTGTCAGATGTTACATCCTGTCCACTGCAGACAACGTATTGACTTTGTCGCTGCGATCATCCAGAACAAACCCGGAGACGAAAAGCAAAGTAGAAGATCCAGAGATTAACTCCATCCAGGACATTAAGGAAGGGCAGCTTCTGAGGGGCTATGTAGGGTCCATCCAGCCACACGGTGTGTTCTTTCGCCTTGGCCCCTCCGTTGTGGGTTTGGCTCGGTACTCCCATGTCTCCCAGCACAGCCCGTCCAAGAAAGCCCTTTATAACAAACACCTCCCTGAAGGGAAGCTGCTCACAGCCAGGGTCCTACGCCTTAACCACCAGAAGAACCTGGTAGAGCTGTCTTTCCTCCCCGGAGACACTGGGAAGCCAGACGTGCTTTCTGCTTCCTTGGAAGGGCAACTTACAAAGCAAGAGGAGAGGAAAACAGAGGCTGAGGAGAGAGACCAAAAAGGGGAAAAGAAAAATCAGAAAAGGAACGAGAAGAAGAACCAGAAGGGGCAGGAGGAGGTGGAGATGCCCAGCAAGGAGAAGCAACAGCCCCAGAAGCCACAGGCGCAGAAGCGGGGCGGGCGGGAGTGCCGGGAGTCTGGGAGTGAGCAGGAAAGAGTGAGCAAGAAGCCAAAGAAAGCCGGCCTGTCAGAGGAGGACGACAGCCTTGTGGACGTGTACTATCGGGAGGGAAAAGAGGAGGCAGAAGAGACGAATGTGCTGCCCAAGGAGAAGCAAACCAAGCCAGCAGAAGCGCCCCGGCTGCAGCTGTCTTCAGGCTTCGCTTGGAATGTGGGACTAGACTCTCTGACCCCGGCCTTGCCACCTCTAGCAGAGAGCTCAGACAGCGAGGAGGATGAGAAGCCACACCAAGCCACGATAAAGAAAAGCAAGAAAGAAAGGGAGTTGGAGAAGCAGAAGGCAGAGAAGGAACTGTCCCGCATTGAGGAGGCGCTGATGGATCCTGGGCGGCAGCCAGAGTCCGCGGATGATTTTGACCGACTGGTGCTGAGCTCCCCCAACAGCTCCATTCTGTGGCTGCAGTACATGGCTTTCCACCTGCAGGCCACGGAGATCGAGAAGGCCCGTGCCGTGGCTGAGAGGGCCCTTAAGACCATCTCCTTCAGAGAGGAGCAGGAGAAGCTGAACGTGTGGGTGGCTCTGCTGAACCTGGAGAACATGTACGGCTCTCAGGAGTCCCTGACCAAGGTCTTTGAGCGAGCCGTGCAGTACAACGAGCCTCTCAAAGTCTTTCTCCACCTGGCTGACATCTACGCCAAGTCAGAGAAATTCCAGGAAGCTGGTGAACTCTACAACCGGATGCTGAAGCGTTTCCGGCAGGAGAAAGCTGTGTGGATCAAATACGGCGCCTTCCTTCTGCGGAGGAGCCAGGCTGCAGCCAGTCACCGCGTGCTGCAGCGAGCCCTGGAGTGCCTGCCTAGCAAGGAGCATGTGGATGTCATTGCCAAGTTTGCCCAGCTTGAGTTTCAGCTGGGGGATGCAGAGCGGGCCAAAGCCATTTTTGAGAACACGCTGAGCACCTACCCAAAGCGCACAGATGTCTGGTCGGTCTATATCGACATGACCATCAAGCACGGCAGCCAGAAGGACGTCCGGGACATCTTTGAGCGGGTCATTCATCTGAGCTTGGCCCCCAAGAGAATGAAGTTCTTCTTCAAGCGCTACCTGGACTACGAGAAGCAGCATGGCACTGAGAAGGATGTGCAGGCAGTCAAGGCCAAGGCCCTGGAGTATGTGGAGGCCAAGAGCTCAGTGCTAGAGGACTAG,0.61,52.76,11,6,0,0.253880759
PEA,GCCGAGGAAGCCTTCGACCTGTGGAACGAATGCGCCAAGGCCTGCGTGCTCGACCTCAAGGACGGCGTGCGTTCCAGCCGCATGAGCGTCGACCCGGCCATCGCCGACACCAACGGCCAGGGCGTGCTGCACCACTCCATGGTCCTGGAGGGCGGCAACGACGCGCTCAAGCTGGCCTTCGACAACGCCCTGAGCATCACCAGCGACGGCCTGACCATCCGCCTCGAAGGCGGCGTCGAGCCGAACAAGAAGGTGCGCTACAGCTACACGCGCCAGGCGCGCGGCAGTTGGTCGCTGAACTGGCTGGTACCGATCGGCCACGAGAAGCCCTCGAACATTAAGGTGTTCATCCACGAACTGAACGCCGGTAACCAGCTCAGCCACATGTCGCCGATCTACACCATCGAGATGGGCGACGAGTTGCTGGCGAAGCTGGCGCGCGATGCCACCTTCTTCGTCAGGGCGCACGAGAGCAACGAGATGCAGCCGACGCTCGCCATCAGCCATGCCGGGGTCAGCGTGGTCATGGCTCAGGCCCAGCCGCGCCGGGAAAAGCGCTGGAGCGAATGGGCCAGCGGCAAGGTGTTGTGCCTGCTCGACCCGCTGGACGGGGTCTACAACTACCTCGCCCAGCAGCGCTGCAACCTCGACGATACCTGGGAAGGCAAGATCTACCGGGTGCTCGCCGGCAACCCGGCGAAGCATGACCTGGACATCAAGCCCACGGTCATCAGTCATCGCCTGCATTTCCCCGAGGGCGGCAGCCTGGCAGCGCTGACCGCGCACCAGGCCTGCCACCTGCCGCTGGAGACCTTCACTCGTCATCGCCAGCCGCGCGGCTGGGAACAACTGGAGCAGTGCGGCTATCCGGTGCAGCGGCTGGTCGCCCTCTACCTGGCAGCGCGACTGTCGTGGAACCAGGTCGACCAGGTGATCCGCAACGCCCTGGCCAGCCCCGGTAGCGGCGGCGACCTGGGCGAAGCGATCCGCGAGCAGCCGGAGCAGGCCCGTCTGGCCCTGACCCTGGCCGCCGCCGAGAGCGAGCGCTTCGTCCGGCAGGGCACCGGCAACGACGAGGCCGGCGCGGCCAGCGCCGACGTGGTGAGCCTGACCTGCCCGGTCGCCGCCGGTGAATGCGCGGGCCCGGCGGACAGCGGCGACGCCCTGCTGGAGCGCAACTATCCCACTGGCGCGGAGTTCCTCGGCGACGGCGGCGACGTCAGCTTCAGCACCCGCGGCACGCAGAACTGGACGGTGGAGCGGCTGCTCCAGGCGCACCGCCAACTGGAGGAGCGCGGCTATGTGTTCGTCGGCTACCACGGCACCTTCCTCGAAGCGGCGCAAAGCATCGTCTTCGGCGGGGTGCGCGCGCGCAGCCAGGACCTCGACGCGATCAGGCGCGGTTTCTATATCGCCGGCGATCCGGCGCTGGCCTACGGCTACGCCCAGGACCAGGAACCCGACGCGCGCGGCCGGATCCGCAACGGTGCCCTGCTGCGTGTCTATGTGCCGCGCTGGAGTCTGCCGGGCTTCTACCGCACCGGCCTGACCCTGGCCGCGCCGGAGGCGGCGGGCGAGGTCGAACGGCTGATCGGCCATCCGCTGCCGCTGCGCCTGGACGCCATCACCGGCCCCGAGGAGGAAGGCGGGCGCCTGGAGACCATTCTCGGCTGGCCGCTGGCCGAGCGCACCGTGGTGATTCCCTCGGCGATCCCCACCGACCCGCGCAACGTCGGCGGCGACCTCGACCCGTCCAGCATCCCCGACAAGGAACAGGCAATCAGCGCCCTGCCGGACTACGCCAGCCAGCCCGGCAAACCGCCGCGCGAGGACCTGAAG,0.76,69.37,6,0,0,0.284062834
PIM1,ATGCTCTTGTCCAAAATCAACTCGCTTGCCCACCTGCGCGCCGCGCCCTGCAACGACCTGCACGCCACCAAGCTGGCGCCCGGCAAGGAGAAGGAGCCCCTGGAGTCGCAGTACCAGGTGGGCCCGCTACTGGGCAGCGGCGGCTTCGGCTCGGTCTACTCAGGCATCCGCGTCTCCGACAACTTGCCGGTGGCCATCAAACACGTGGAGAAGGACCGGATTTCCGACTGGGGAGAGCTGCCTAATGGCACTCGAGTGCCCATGGAAGTGGTCCTGCTGAAGAAGGTGAGCTCGGGTTTCTCCGGCGTCATTAGGCTCCTGGACTGGTTCGAGAGGCCCGACAGTTTCGTCCTGATCCTGGAGAGGCCCGAGCCGGTGCAAGATCTCTTCGACTTCATCACGGAAAGGGGAGCCCTGCAAGAGGAGCTGGCCCGCAGCTTCTTCTGGCAGGTGCTGGAGGCCGTGCGGCACTGCCACAACTGCGGGGTGCTCCACCGCGACATCAAGGACGAAAACATCCTTATCGACCTCAATCGCGGCGAGCTCAAGCTCATCGACTTCGGGTCGGGGGCGCTGCTCAAGGACACCGTCTACACGGACTTCGATGGGACCCGAGTGTATAGCCCTCCAGAGTGGATCCGCTACCATCGCTACCATGGCAGGTCGGCGGCAGTCTGGTCCCTGGGGATCCTGCTGTATGATATGGTGTGTGGAGATATTCCTTTCGAGCATGACGAAGAGATCATCAGGGGCCAGGTTTTCTTCAGGCAGAGGGTCTCTTCAGAATGTCAGCATCTCATTAGATGGTGCTTGGCCCTGAGACCATCAGATAGGCCAACCTTCGAAGAAATCCAGAACCATCCATGGATGCAAGATGTTCTCCTGCCCCAGGAAACTGCTGAGATCCACCTCCACAGCCTGTCGCCGGGGCCCAGCAAATAG,0.63,59.76,12,2,0,0.249263775
PLK1,ATGAGTGCTGCAGTGACTGCAGGGAAGCTGGCACGGGCACCGGCCGACCCTGGGAAAGCCGGGGTCCCCGGAGTTGCAGCTCCCGGAGCTCCGGCGGCGGCTCCACCGGCGAAAGAGATCCCGGAGGTCCTAGTGGACCCACGCAGCCGGCGGCGCTATGTGCGGGGCCGCTTTTTGGGCAAGGGCGGCTTTGCCAAGTGCTTCGAGATCTCGGACGCGGACACCAAGGAGGTGTTCGCGGGCAAGATTGTGCCTAAGTCTCTGCTGCTCAAGCCGCACCAGAGGGAGAAGATGTCCATGGAAATATCCATTCACCGCAGCCTCGCCCACCAGCACGTCGTAGGATTCCACGGCTTTTTCGAGGACAACGACTTCGTGTTCGTGGTGTTGGAGCTCTGCCGCCGGAGGTCTCTCCTGGAGCTGCACAAGAGGAGGAAAGCCCTGACTGAGCCTGAGGCCCGATACTACCTACGGCAAATTGTGCTTGGCTGCCAGTACCTGCACCGAAACCGAGTTATTCATCGAGACCTCAAGCTGGGCAACCTTTTCCTGAATGAAGATCTGGAGGTGAAAATAGGGGATTTTGGACTGGCAACCAAAGTCGAATATGACGGGGAGAGGAAGAAGACCCTGTGTGGGACTCCTAATTACATAGCTCCCGAGGTGCTGAGCAAGAAAGGGCACAGTTTCGAGGTGGATGTGTGGTCCATTGGGTGTATCATGTATACCTTGTTAGTGGGCAAACCACCTTTTGAGACTTCTTGCCTAAAAGAGACCTACCTCCGGATCAAGAAGAATGAATACAGTATTCCCAAGCACATCAACCCCGTGGCCGCCTCCCTCATCCAGAAGATGCTTCAGACAGATCCCACTGCCCGCCCAACCATTAACGAGCTGCTTAATGACGAGTTCTTTACTTCTGGCTATATCCCTGCCCGTCTCCCCATCACCTGCCTGACCATTCCACCAAGGTTTTCGATTGCTCCCAGCAGCCTGGACCCCAGCAACCGGAAGCCCCTCACAGTCCTCAATAAAGGCTTGGAGAACCCCCTGCCTGAGCGTCCCCGGGAAAAAGAAGAACCAGTGGTTCGAGAGACAGGTGAGGTGGTCGACTGCCACCTCAGTGACATGCTGCAGCAGCTGCACAGTGTCAATGCCTCCAAGCCCTCGGAGCGTGGGCTGGTCAGGCAAGAGGAGGCTGAGGATCCTGCCTGCATCCCCATCTTCTGGGTCAGCAAGTGGGTGGACTATTCGGACAAGTACGGCCTTGGGTATCAGCTCTGTGATAACAGCGTGGGGGTGCTCTTCAATGACTCAACACGCCTCATCCTCTACAATGATGGTGACAGCCTGCAGTACATAGAGCGTGACGGCACTGAGTCCTACCTCACCGTGAGTTCCCATCCCAACTCCTTGATGAAGAAGATCACCCTCCTTAAATATTTCCGCAATTACATGAGCGAGCACTTGCTGAAGGCAGGTGCCAACATCACGCCGCGCGAAGGTGATGAGCTCGCCCGGCTGCCCTACCTACGGACCTGGTTCCGCACCCGCAGCGCCATCATCCTGCACCTCAGCAACGGCAGCGTGCAGATCAACTTCTTCCAGGATCACACCAAGCTCATCTTGTGCCCACTGATGGCAGCCGTGACCTACATCGACGAGAAGCGGGACTTCCGCACATACCGCCTGAGTCTCCTGGAGGAGTACGGCTGCTGCAAGGAGCTGGCCAGCCGGCTCCGCTACGCCCGCACTATGGTGGACAAGCTGCTGAGCTCACGCTCGGCCAGCAACCGTCTCAAGGCCTCCTAA,0.62,57.23,12,2,0,0.246349584
PTP4A3,AGCAGCCATCACCATCATCACCATAGCAGCGGTGAGAATCTGTACTTCCAAGGCATGGCTCGGATGAACCGCCCGGCCCCGGTGGAGGTGAGCTACAAACACATGCGCTTCCTCATCACCCACAACCCCACCAACGCCACGCTCAGCACCTTCATTGAGGACCTGAAGAAGTACGGGGCTACCACTGTGGTGCGTGTGTGTGAAGTGACCTATGACAAAACGCCGCTGGAGAAGGATGGCATCACCGTTGTGGACTGGCCGTTTGACGATGGGGCGCCCCCGCCCGGCAAGGTAGTGGAAGACTGGCTGAGCCTGGTGAAGGCCAAGTTCTGTGAGGCCCCCGGCAGCTGCGTGGCTGTGCACTGCGTGGCGGGCCTGGGCCGGGCTCCAGTCCTTGTGGCGCTGGCCCTTATTGAGAGCGGGATGAAGTACGAGGACGCCATCCAGTTCATCCGCCAGAAGCGCCGCGGAGCCATCAACAGCAAGCAGCTCACCTACCTGGAGAAATACCGGCCCAAACAGAGGCTGCGGTTCAAAGACCCACACACGCACAAGACCCGG,0.71,61.43,8,0,0,0.263324966
RPS6KB1,ATGAGGCGACGAAGGAGGCGGGACGGCTTTTACCCAGCCCCGGACTTCCGAGACAGGGAAGCTGAGGACATGGCAGGAGTGTTTGACATAGACCTGGACCAGCCAGAGGACGCGGGCTCTGAGGATGAGCTGGAGGAGGGGGGTCAGTTAAATGAAAGCATGGACCATGGGGGAGTTGGACCATATGAACTTGGCATGGAACATTGTGAGAAATTTGAAATCTCAGAAACTAGTGTGAACAGAGGGCCAGAAAAAATCAGACCAGAATGTTTTGAGCTACTTCGGGTACTTGGTAAAGGGGGCTATGGAAAGGTTTTTCAAGTACGAAAAGTAACAGGAGCAAATACTGGGAAAATATTTGCCATGAAGGTGCTTAAAAAGGCAATGATAGTAAGAAATGCTAAAGATACAGCTCATACAAAAGCAGAACGGAATATTCTGGAGGAAGTAAAGCATCCCTTCATCGTGGATTTAATTTATGCCTTTCAGACTGGTGGAAAACTCTACCTCATCCTTGAGTATCTCAGTGGAGGAGAACTATTTATGCAGTTAGAAAGAGAGGGAATATTTATGGAAGACACTGCCTGCTTTTACTTGGCAGAAATCTCCATGGCTTTGGGGCATTTACATCAAAAGGGGATCATCTACAGAGACCTGAAGCCGGAGAATATCATGCTTAATCACCAAGGTCATGTGAAACTAACAGACTTTGGACTATGCAAAGAATCTATTCATGATGGAACAGTCACACACACATTTTGTGGAACAATAGAATACATGGCCCCTGAAATCTTGATGAGAAGTGGCCACAATCGTGCTGTGGATTGGTGGAGTTTGGGAGCATTAATGTATGACATGCTGACTGGAGCACCCCCATTCACTGGGGAGAATAGAAAGAAAACAATTGACAAAATCCTCAAATGTAAACTCAATTTGCCTCCCTACCTCACACAAGAAGCCAGAGATCTGCTTAAAAAGCTGCTGAAAAGAAATGCTGCTTCTCGTCTGGGAGCTGGTCCTGGGGACGCTGGAGAAGTTCAAGCTCATCCATTCTTTAGACACATTAACTGGGAAGAACTTCTGGCTCGAAAGGTGGAGCCCCCCTTTAAACCTCTGTTGCAATCTGAAGAGGATGTAAGTCAGTTTGATTCCAAGTTTACACGTCAGACACCTGTCGACAGCCCAGATGACTCAACTCTCAGTGAAAGTGCCAATCAGGTCTTTCTGGGTTTTACATATGTGGCTCCATCTGTACTTGAAAGTGTGAAAGAAAAGTTTTCCTTTGAACCAAAAATCCGATCACCTCGAAGATTTATTGGCAGCCCACGAACACCTGTCAGCCCAGTCAAATTTTCTCCTGGGGATTTCTGGGGAAGAGGTGCTTCGGCCAGCACAGCAAATCCTCAGACACCTGTGGAATACCCAATGGAAACAAGTGGCATAGAGCAGATGGATGTGACAATGAGTGGGGAAGCATCGGCACCACTTCCAATACGACAGCCGAACTCTGGGCCATACAAAAAACAAGCTTTTCCCATGATCTCCAAACGGCCAGAGCACCTGCGTATGAATCTATGA,0.59,45.13,12,1,0,0.236289474
SMARCD1,ATGGCGGCCCGGGCGGGTTTCCAGTCTGTGGCTCCAAGCGGCGGCGCCGGAGCCTCAGGAGGGGCGGGCGCGGCTGCTGCCTTGGGCCCGGGCGGAACTCCGGGGCCTCCTGTGCGAATGGGCCCGGCTCCGGGTCAAGGGCTGTACCGCTCCCCGATGCCCGGAGCGGCCTATCCGAGACCAGGTATGTTGCCAGGCAGCCGAATGACACCTCAGGGACCTTCCATGGGACCCCCTGGCTATGGGGGGAACCCTTCAGTCCGACCTGGCCTGGCCCAGTCAGGGATGGATCAGTCCCGCAAGAGACCTGCCCCTCAGCAGATCCAGCAGGTCCAGCAGCAGGCGGTCCAAAATCGAAACCACAATGCAAAGAAAAAGAAGATGGCTGACAAAATTCTACCTCAAAGGATTCGTGAACTGGTACCAGAATCCCAGGCCTATATGGATCTCTTGGCTTTTGAAAGGAAACTGGACCAGACTATCATGAGGAAACGGCTAGATATCCAAGAGGCCTTGAAACGTCCCATCAAGCAAAAACGGAAGCTGCGAATTTTCATTTCTAACACTTTCAATCCGGCTAAGTCAGATGCCGAGGATGGGGAAGGGACGGTGGCTTCCTGGGAGCTTCGGGTAGAAGGACGGCTCCTGGAGGATTCAGCCTTGTCCAAATATGATGCCACTAAACAAAAGAGGAAGTTCTCTTCCTTTTTTAAGTCCTTGGTGATTGAACTGGACAAAGACCTGTATGGGCCAGACAACCATCTGGTAGAATGGCACAGGACCGCCACTACCCAGGAGACCGATGGCTTTCAGGTGAAGCGGCCGGGAGACGTGAATGTACGGTGTACTGTCCTACTGATGCTGGATTACCAGCCTCCCCAGTTTAAATTAGACCCCCGCCTAGCTCGACTCCTGGGCATCCATACCCAGACTCGTCCAGTGATCATCCAAGCACTGTGGCAATATATTAAGACACATAAGCTCCAGGACCCTCACGAGCGGGAGTTTGTCATCTGTGACAAGTACCTGCAGCAGATCTTTGAGTCTCAACGTATGAAGTTTTCAGAGATCCCTCAGCGGCTCCATGCCTTGCTTATGCCACCAGAACCTATCATCATTAATCATGTCATCAGTGTTGACCCGAATGATCAGAAAAAGACAGCTTGTTATGACATTGATGTTGAAGTGGATGACACCTTGAAGACCCAGATGAATTCTTTTCTGCTGTCCACTGCCAGCCAACAGGAGATTGCTACTCTAGACAACAAGACAATGACTGATGTGGTGGGTAACCCAGAGGAGGAGCGCCGAGCTGAGTTCTACTTCCAGCCCTGGGCTCAGGAGGCTGTGTGCCGATACTTCTACTCCAAGGTGCAGCAGAGACGACAAGAATTAGAGCAAGCCCTGGGAATCCGGAATACATAG,0.62,53.53,10,1,0,0.242407209
TAP1,ATGGCTAGCTCTAGGTGTCCCGCTCCCCGCGGGTGCCGCTGCCTCCCCGGAGCTTCTCTCGCATGGCTGGGGACAGTACTGCTACTTCTCGCCGACTGGGTGCTGCTCCGGACCGCGCTGCCCCGCATATTCTCCCTGCTGGTGCCCACCGCGCTGCCACTGCTCCGGGTCTGGGCGGTGGGCCTGAGCCGCTGGGCCGTGCTCTGGCTGGGGGCCTGCGGGGTCCTCAGGGCAACGGTTGGCTCCAAGAGCGAAAACGCAGGTGCCCAGGGCTGGCTGGCTGCTTTGAAGCCATTAGCTGCGGCACTGGGCTTGGCCCTGCCGGGACTTGCCTTGTTCCGAGAGCTGATCTCATGGGGAGCCCCCGGGTCCGCGGATAGCACCAGGCTACTGCACTGGGGAAGTCACCCTACCGCCTTCGTTGTCAGTTATGCAGCGGCACTGCCCGCAGCAGCCCTGTGGCACAAACTCGGGAGCCTCTGGGTGCCCGGCGGTCAGGGCGGCTCTGGAAACCCTGTGCGTCGGCTTCTAGGCTGCCTGGGCTCGGAGACGCGCCGCCTCTCGCTGTTCCTGGTCCTGGTGGTCCTCTCCTCTCTTGGGGAGATGGCCATTCCATTCTTTACGGGCCGCCTCACTGACTGGATTCTACAAGATGGCTCAGCCGATACCTTCACTCGAAACTTAACTCTCATGTCCATTCTCACCATAGCCAGTGCAGTGCTGGAGTTCGTGGGTGACGGGATCTATAACAACACCATGGGCCACGTGCACAGCCACTTGCAGGGAGAGGTGTTTGGGGCTGTCCTGCGCCAGGAGACGGAGTTTTTCCAACAGAACCAGACAGGTAACATCATGTCTCGGGTAACAGAGGACACGTCCACCCTGAGTGATTCTCTGAGTGAGAATCTGAGCTTATTTCTGTGGTACCTGGTGCGAGGCCTATGTCTCTTGGGGATCATGCTCTGGGGATCAGTGTCCCTCACCATGGTCACCCTGATCACCCTGCCTCTGCTTTTCCTTCTGCCCAAGAAGGTGGGAAAATGGTACCAGTTGCTGGAAGTGCAGGTGCGGGAATCTCTGGCAAAGTCCAGCCAGGTGGCCATTGAGGCTCTGTCGGCCATGCCTACAGTTCGAAGCTTTGCCAACGAGGAGGGCGAAGCCCAGAAGTTTAGGGAAAAGCTGCAAGAAATAAAGACACTCAACCAGAAGGAGGCTGTGGCCTATGCAGTCAACTCCTGGACCACTAGTATTTCAGGTATGCTGCTGAAAGTGGGAATCCTCTACATTGGTGGGCAGCTGGTGACCAGTGGGGCTGTAAGCAGTGGGAACCTTGTCACATTTGTTCTCTACCAGATGCAGTTCACCCAGGCTGTGGAGGTACTGCTCTCCATCTACCCCAGAGTACAGAAGGCTGTGGGCTCCTCAGAGAAAATATTTGAGTACCTGGACCGCACCCCTCGCTGCCCACCCAGTGGTCTGTTGACTCCCTTACACTTGGAGGGCCTTGTCCAGTTCCAAGATGTCTCCTTTGCCTACCCAAACCGCCCAGATGTCTTAGTGCTACAGGGGCTGACATTCACCCTACGCCCTGGCGAGGTGACGGCGCTGGTGGGACCCAATGGGTCTGGGAAGAGCACAGTGGCTGCCCTGCTGCAGAATCTGTACCAGCCCACCGGGGGACAGCTGCTGTTGGATGGGAAGCCCCTTCCCCAATATGAGCACCGCTACCTGCACAGGCAGGTGGCTGCAGTGGGACAAGAGCCACAGGTATTTGGAAGAAGTCTTCAAGAAAATATTGCCTATGGCCTGACCCAGAAGCCAACTATGGAGGAAATCACAGCTGCTGCAGTAAAGTCTGGGGCCCATAGTTTCATCTCTGGACTCCCTCAGGGCTATGACACAGAGGTAGACGAGGCTGGGAGCCAGCTGTCAGGGGGTCAGCGACAGGCAGTGGCGTTGGCCCGAGCATTGATCCGGAAACCGTGTGTACTTATCCTGGATGATGCCACCAGTGCCCTGGATGCAAACAGCCAGTTACAGGTGGAGCAGCTCCTGTACGAAAGCCCTGAGCGGTACTCCCGCTCAGTGCTTCTCATCACCCAGCACCTCAGCCTGGTGGAGCAGGCTGACCACATCCTCTTTCTGGAAGGAGGCGCTATCCGGGAGGGGGGAACCCACCAGCAGCTCATGGAGAAAAAGGGGTGCTACTGGGCCATGGTGCAGGCTCCTGCAGATGCTCCAGAATGA,0.63,58.76,13,2,0,0.243992209
TAS2R10,ATGCTACGTGTAGTGGAAGGCATCTTCATTTTTGTTGTAGTTAGTGAGTCAGTGTTTGGGGTTTTGGGGAATGGATTTATTGGACTTGTAAACTGCATTGACTGTGCCAAGAATAAGTTATCTACGATTGGCTTTATTCTCACCGGCTTAGCTATTTCAAGAATTTTTCTGATATGGATAATAATTACAGATGGATTTATACAGATATTCTCTCCAAATATATATGCCTCCGGTAACCTAATTGAATATATTAGTTACTTTTGGGTAATTGGTAATCAATCAAGTATGTGGTTTGCCACCAGCCTCAGCATCTTCTATTTCCTGAAGATAGCAAATTTTTCCAACTACATATTTCTCTGGTTGAAGAGCAGAACAAATATGGTTCTTCCCTTCATGATAGTATTCTTACTTATTTCATCGTTACTTAATTTTGCATACATTGCGAAGATTCTTAATGATTATAAAACGAAGAATGACACAGTCTGGGATCTCAACATGTATAAAAGTGAATACTTTATTAAACAGATTTTGCTAAATCTGGGAGTCATTTTCTTCTTTACACTATCCCTAATTACATGTATTTTTTTAATCATTTCCCTTTGGAGACACAACAGGCAGATGCAATCGAATGTGACAGGATTGAGAGACTCCAACACAGAAGCTCATGTGAAGGCAATGAAAGTTTTGATATCTTTCATCATCCTCTTTATCTTGTATTTTATAGGCATGGCCATAGAAATATCATGTTTTACTGTGCGAGAAAACAAACTGCTGCTTATGTTTGGAATGACAACCACAGCCATCTATCCCTGGGGTCACTCATTTATCTTAATTCTAGGAAACAGCAAGCTAAAGCAAGCCTCTTTGAGGGTACTGCAGCAATTGAAGTGCTGTGAGAAAAGGAAAAATCTCAGAGTCACATAG,0.59,35.4,18,1,0,0.254711342
UBTF,ATGAACGGAGAAGCCGACTGCCCCACAGACCTGGAAATGGCCGCCCCCAAAGGCCAAGACCGTTGGTCCCAGGAAGACATGCTGACTTTGCTGGAATGCATGAAGAACAACCTTCCATCCAATGACAGCTCCAAGTTCAAAACCACCGAATCACACATGGACTGGGAAAAAGTAGCATTTAAAGACTTTTCTGGAGACATGTGCAAGCTCAAATGGGTGGAGATTTCTAATGAGGTGAGGAAGTTCCGTACATTGACAGAATTGATCCTCGATGCTCAGGAACATGTTAAAAATCCTTACAAAGGCAAAAAACTCAAGAAACACCCAGACTTCCCAAAGAAGCCCCTGACCCCTTATTTCCGCTTCTTCATGGAGAAGCGGGCCAAGTATGCGAAACTCCACCCTGAGATGAGCAACCTGGACCTAACCAAGATTCTGTCCAAGAAATACAAGGAGCTTCCGGAGAAGAAGAAGATGAAATATATTCAGGACTTCCAGAGAGAGAAACAGGAGTTCGAGCGAAACCTGGCCCGATTCAGGGAGGATCACCCCGACCTAATCCAGAATGCCAAGAAATCGGACATCCCAGAGAAGCCCAAAACCCCCCAGCAGCTGTGGTACACCCACGAGAAGAAGGTGTATCTCAAAGTGCGGCCAGATGCCACTACGAAGGAGGTGAAGGACTCCCTGGGGAAGCAGTGGTCTCAGCTCTCGGACAAAAAGAGGCTGAAATGGATTCATAAGGCCCTGGAGCAGCGGAAGGAGTACGAGGAGATCATGAGAGACTATATCCAGAAGCACCCAGAGCTGAACATCAGTGAGGAGGGTATCACCAAGTCCACCCTCACCAAGGCCGAACGCCAGCTCAAGGACAAGTTTGACGGGCGACCCACCAAGCCACCTCCGAACAGCTACTCGCTGTACTGCGCAGAGCTCATGGCCAACATGAAGGACGTGCCCAGCACAGAGCGCATGGTGCTGTGCAGCCAGCAGTGGAAGCTGCTGTCCCAGAAGGAGAAGGACGCCTATCACAAGAAGTGTGATCAGAAAAAGAAAGATTACGAGGTGGAGCTGCTCCGTTTCCTCGAGAGCCTGCCTGAGGAGGAGCAGCAGCGGGTCTTGGGGGAAGAGAAGATGCTGAACATCAACAAGAAGCAGGCCACCAGCCCCGCCTCCAAGAAGCCAGCCCAGGAAGGGGGCAAGGGCGGCTCCGAGAAGCCCAAGCGGCCCGTGTCGGCCATGTTCATCTTCTCGGAGGAGAAACGGCGGCAGCTGCAGGAGGAGCGGCCTGAGCTCTCCGAGAGCGAGCTGACCCGCCTGCTGGCCCGAATGTGGAACGACCTGTCTGAGAAGAAGAAGGCCAAGTACAAGGCCCGAGAGGCGGCGCTCAAGGCTCAGTCGGAGAGGAAGCCCGGCGGGGAGCGCGAGGAACGGGGCAAGCTGCCCGAGTCCCCCAAAAGAGCTGAGGAGATCTGGCAACAGAGCGTTATCGGCGACTACCTGGCCCGCTTCAAGAATGACCGGGTGAAGGCCTTGAAAGCCATGGAAATGACCTGGAATAACATGGAAAAGAAGGAGAAACTGATGTGGATTAAGAAGGCAGCCGAAGACCAAAAGCGATATGAGAGAGAGCTGAGTGAGATGCGGGCACCTCCAGCTGCTACAAATTCTTCCAAGAAGATGAAATTCCAGGGAGAACCCAAGAAGCCTCCCATGAACGGTTACCAGAAGTTCTCCCAGGAGCTGCTGTCCAATGGGGAGCTGAACCACCTGCCGCTGAAGGAGCGCATGGTGGAGATCGGCAGTCGCTGGCAGCGCATCTCCCAGAGCCAGAAGGAGCACTACAAAAAGCTGGCCGAGGAGCAGCAAAAGCAGTACAAGGTGCACCTGGACCTCTGGGTTAAGAGCCTGTCTCCCCAGGACCGTGCAGCATATAAAGAGTACATCTCCAATAAACGTAAGAGCATGACCAAGCTGCGAGGCCCAAACCCCAAATCCAGCCGGACTACTCTGCAGTCCAAGTCGGAGTCCGAGGAGGATGATGAAGAGGATGAGGATGACGAGGACGAGGATGAAGAAGAGGAAGATGATGAGAATGGGGACTCCTCTGAAGATGGCGGCGACTCCTCTGAGTCCAGCAGCGAGGACGAGAGCGAGGATGGGGATGAGAATGAAGAGGATGACGAGGACGAAGACGACGACGAGGATGACGATGAGGATGAAGATAATGAGTCCGAGGGCAGCAGCTCCAGCTCCTCCTCCTCAGGGGACTCCTCAGACTCTGACTCCAACTGA,0.63,54.51,7,7,0,0.27448006
